starb	1	서울	남산스테이트	서울특별시 중구 퇴계로 100 (회현동2가)	-	37.5602013	126.9829327
starb	3	서울	명동역	서울특별시 중구 퇴계로 101, 건물전체 (충무로1가)	-	37.5609724	126.9945971
starb	5	서울	서울중앙우체국	서울특별시 중구 소공로 70 (충무로1가) 서울중앙우체국	-	37.5615577	126.9821367
starb	7	서울	회현역	서울특별시 중구 퇴계로 72 (회현동) 리더스뷰남산	-	37.5590809	126.9805937
starb	9	서울	명동길	서울특별시 중구 명동10길 41 (충무로2가)	-	37.5620375	126.9858586
starb	11	서울	명동눈스퀘어	서울특별시 중구 명동길 14, 눈스퀘어 4층 (명동2가)	-	37.5633734	126.9828862
starb	13	서울	명동입구	서울특별시 중구 남대문로 68-1 (명동2가)	-	37.5631995	126.9822547
starb	15	서울	소공로	서울특별시 중구 남대문로7길 19, 삼영빌딩 1층 일부 (소공동)	-	37.5637353	126.9808815
starb	17	서울	명동중앙로	서울특별시 중구 명동길 60 (명동2가)	-	37.5636992	126.9857659
starb	19	서울	명동미래	서울특별시 중구 명동7길 8, 2층 (명동1가)	-	37.5641319	126.9845364
starb	21	서울	소공로북창	서울특별시 중구 세종대로18길 32 (소공동) 삼원빌딩	-	37.5636861	126.9789237
starb	23	서울	명동메트로	서울특별시 중구 명동9가길 14 (을지로2가) 메트로호텔	-	37.5650962	126.9837163
starb	25	서울	태평로	서울특별시 중구 세종대로 72, 대영빌딩 1층 (태평로2가)	-	37.5624945	126.9752957
starb	27	서울	소공동	서울특별시 중구 소공로 112 (소공동)	-	37.5644064	126.9796971
starb	29	서울	을지로입구역	서울특별시 중구 을지로 50, 1층 (을지로2가)	-	37.5655809	126.9832977
starb	31	서울	남산단암	서울특별시 중구 소월로 10, 단암빌딩 (남대문로5가)	-	37.5568088	126.9768789
starb	33	서울	SKT	Tower 서울특별시 중구 을지로 65, SK텔레콤빌딩 1층 로비 (을지로2가)	-	37.566632	126.985139
starb	35	서울	시청플러스	서울특별시 중구 을지로 19, 삼성화재삼성빌딩 1층 (을지로1가)	-	37.5662422	126.9799415
starb	37	서울	시청	서울특별시 중구 을지로 19, 삼성화재삼성빌딩 1층 (을지로1가)	-	37.5662422	126.9799415
starb	39	서울	중구저동	서울특별시 중구 수표로 34 (저동2가)	-	37.5643293	126.9903246
starb	41	서울	을지로센터	서울특별시 중구 을지로5길 16 삼화타워1층	-	37.5670635	126.9846642
starb	43	서울	서소문	서울특별시 중구 서소문로 130 (서소문동)	-	37.5633773	126.9755129
starb	45	서울	을지로입구	서울특별시 중구 남대문로10길 9 (삼각동) 경기빌딩	-	37.5671564	126.9832536
starb	47	서울	서소문로	서울특별시 중구 서소문로 120 (서소문동) 대한빌딩	-	37.5612786	126.9693213
starb	49	서울	숭례문	서울특별시 중구 세종대로 17, YTN빌딩 1층 (남대문로5가)	-	37.5624945	126.9752957
starb	51	서울	퍼시픽타워	서울특별시 중구 세종대로9길 41, 퍼시픽타워 1층 (서소문동)	-	37.5618286	126.9735074
starb	53	서울	충무로역	서울특별시 중구 퇴계로 197, 충무빌딩 1층 (필동2가)	-	37.5609724	126.9945971
starb	55	서울	무교동	서울특별시 중구 무교로 21 (무교동) 코오롱빌딩 1층	-	37.5677014	126.9788451
starb	57	서울	순화동더샵	서울특별시 중구 칠패로 27, 1층 (순화동)	-	37.560174	126.9720786
starb	59	서울	광교	서울특별시 종로구 청계천로 59 (관철동)	-	37.5689024	126.9841672
starb	61	서울	서소문배재	서울특별시 중구 서소문로 99 (서소문동)	-	37.5628481	126.9721664
starb	63	서울	종로관철	서울특별시 종로구 종로12길 21, 2층 (관철동)	-	37.5690496	126.9859854
starb	65	서울	대한극장	서울특별시 중구 퇴계로 212 (필동2가)	-	37.56103	126.9953279
starb	67	서울	영풍문고	서울특별시 종로구 청계천로 41 (서린동) 영풍빌딩	-	37.5696304	126.9821706
starb	69	서울	종각	서울특별시 종로구 종로 64 (종로2가)	-	37.5699183	126.9845281
starb	71	서울	새종로	서울특별시 종로구 삼일대로19길 20 (관철동)	-	37.5696211	126.9864305
starb	73	서울	종로관수	서울특별시 종로구 삼일대로20길 13 (관수동)	-	37.5697113	126.9886559
starb	75	서울	종로2가	서울특별시 종로구 삼일대로 403-1 (인사동)	-	37.570619	126.9873305
starb	77	서울	서울역동자동	서울특별시 용산구 한강대로 372 (동자동)	-	37.5384544	126.9701377
starb	79	서울	종로수송	서울특별시 종로구 종로5길 30 (청진동) 1~3층	-	37.5716169	126.9806844
starb	81	서울	순화동에이스	서울특별시 중구 통일로 92 (순화동) 에이스타워빌딩	-	37.5635558	126.9692092
starb	83	서울	새문안로	서울특별시 종로구 새문안로 92 (신문로1가) 광화문오피시아빌딩	-	37.5696602	126.9748903
starb	85	서울	종로3가	서울특별시 종로구 종로 113-1, 1-4층 (종로3가)	-	37.5748511	127.0034143
starb	87	서울	서울극장	서울특별시 종로구 돈화문로 13 (관수동) 서울극장	-	37.5696478	126.9916588
starb	89	서울	광화문역	서울특별시 종로구 종로3길 17 (청진동) D타워	-	37.5716583	126.9798858
starb	91	서울	광화문	서울특별시 종로구 세종대로 167, 현대해상본사사옥 별관내 (세종로)	-	37.5722304	126.9771833
starb	93	서울	인사	서울특별시 종로구 인사동길 14 (인사동)	-	37.5721293	126.9870349
starb	95	서울	문화일보	서울특별시 중구 새문안로 22 (충정로1가) 문화일보	-	37.5670828	126.9686365
starb	97	서울	이마빌딩	서울특별시 종로구 종로1길 42 (수송동)	-	37.5738637	126.9789715
starb	99	서울	충정타워	서울특별시 서대문구 서소문로 21, 충정타워빌딩 1층 (충정로3가)	-	37.5614326	126.9662799
starb	101	서울	경기대	서울특별시 서대문구 충정로 53 (충정로2가)	-	37.5637129	126.9646194
starb	103	서울	경복궁사거리	서울특별시 종로구 율곡로 6, B동 101호(중학동, 트윈트리타워)	-	37.5754163	126.9801322
starb	105	서울	충정로역	서울특별시 서대문구 경기대로9길 77 (충정로3가)	-	37.5643431	126.959843
starb	107	서울	주얼리시티	서울특별시 종로구 종로 183 (인의동) 효성주얼리시티	-	37.5711959	126.9986621
starb	109	서울	적선	서울특별시 종로구 새문안로5길 55, 노스게이트빌딩 1층 (적선동)	-	37.5715671	126.9745288
starb	111	서울	안국	서울특별시 종로구 북촌로 5-1 (재동)	-	37.5773379	126.9856353
starb	113	서울	숙대입구역	서울특별시 용산구 한강대로 291 (갈월동)	-	37.5442008	126.9719246
starb	115	서울	스페이스본	서울특별시 종로구 사직로8길 4 (사직동) 광화문 풍림스페이스본	-	37.5743822	126.9688505
starb	117	서울	경복궁역	서울특별시 종로구 자하문로4길 6, 1층 (통의동)	-	37.5771471	126.9726344
starb	119	서울	북촌로	서울특별시 종로구 북촌로4길 23 (계동)	-	37.5793885	126.9864543
starb	121	서울	숙대	서울특별시 용산구 청파로47길 57 (청파동3가)	-	37.5445812	126.9671959
starb	123	서울	용산타운하우스	서울특별시 용산구 신흥로	-	37.54386	126.9855956
starb	125	서울	대학로	서울특별시 종로구 대학로 57, 홍익대학교 대학로캠퍼스 內 (연건동)	-	37.576601	127.001488
starb	127	서울	용산미8군	서울특별시 용산구 신흥로	-	37.536584	126.986417
starb	129	서울	약수역	서울특별시 중구 다산로 129 (신당동)	-	37.555487	127.010801
starb	131	서울	애오개역	서울특별시 마포구 마포대로 201, 마포트라팰리스II (아현동)	-	37.5521804	126.9554999
starb	133	서울	신당역	서울특별시 중구 퇴계로 385, 1층 (흥인동)	-	37.565296	127.0143007
starb	135	서울	삼청동	서울특별시 종로구 삼청로 111-1 (삼청동)	-	37.5829548	126.9810261
starb	137	서울	성대입구	서울특별시 종로구 창경궁로 235 (명륜3가)	-	37.582923	126.9983545
starb	139	서울	이태원입구	서울특별시 용산구 이태원로 140 (이태원동)	-	37.5339468	126.9893291
starb	141	서울	마로니에공원	서울특별시 종로구 대학로 116, 1-2층 (동숭동)	-	37.5783671	127.0029945
starb	143	서울	공덕역	서울특별시 마포구 마포대로 143, 파크팰리스 2 (공덕동)	-	37.5472768	126.9530391
starb	145	서울	이태원거리	서울특별시 용산구 이태원로 213, 1,2층 (한남동)	-	37.5291233	126.9936362
starb	147	서울	대명거리	서울특별시 종로구 대명길 5 (명륜4가)	-	37.5834855	127.001148
starb	149	서울	상명아트홀	서울특별시 종로구 동숭길 133 (동숭동)	-	37.5833331	127.0027272
starb	151	서울	동숭로아트	서울특별시 종로구 동숭길 110 (동숭동)	-	37.5829419	127.0038862
starb	153	서울	이대ECC	서울특별시 서대문구 이화여대길 52 (대현동) 이화여자대학교 B415호	-	37.563215	126.946780
starb	155	서울	마포이마트	서울특별시 마포구 백범로 212 (신공덕동) 마포이마트	-	37.542719	126.953258
starb	157	서울	이대	서울특별시 서대문구 이화여대길 34 (대현동)	-	37.5583821	126.9459524
starb	159	서울	연대동문	서울특별시 서대문구 성산로 565 (대신동)	-	37.566388	126.9462765
starb	161	서울	공덕오거리	서울특별시 마포구 마포대로 86 (도화동) 창강빌딩	-	37.5424641	126.9505773
starb	163	서울	동빙고	서울특별시 용산구 장문로 12 (동빙고동)	-	37.5289471	126.9917838
starb	165	서울	순천향입구	서울특별시 용산구 대사관로 67 (한남동)	-	37.5333841	127.0056296
starb	167	서울	황학캐슬	서울특별시 중구 청계천로 400 (황학동) 롯데캐슬베네치아	-	37.5708733	127.0213284
starb	169	서울	마포아크로	서울특별시 마포구 마포대로 68 (도화동) 마포아크로타워	-	37.5412413	126.9489446
starb	171	서울	연세종합관	서울특별시 서대문구 연세로 50, 연세세브란스 종합관 (신촌동)	-	37.5583716	126.9374795
starb	173	서울	한성대입구역	서울특별시 성북구 성북로 11 (성북동1가)	-	37.5889972	127.0048925
starb	175	서울	신촌기차역	서울특별시 서대문구 명물길 74, 에스프리빌딩 1층 (창천동)	-	37.5584453	126.9386128
starb	177	서울	신촌아트레온	서울특별시 서대문구 신촌로 129 (창천동)	-	37.5564819	126.940327
starb	179	서울	삼선교	서울특별시 성북구 동소문로 10 (동소문동2가)	-	37.588696	127.0073207
starb	181	서울	용산역	서울특별시 용산구 한강대로23길 55	-	37.529270	126.964907
starb	183	서울	신촌대로	서울특별시 서대문구 신촌로 121 (창천동)	-	37.556187	126.9392967
starb	185	서울	마포일진빌딩	서울특별시 마포구 마포대로 45, 일진빌딩 1층 (도화동)	-	37.5404326	126.9463602
starb	187	서울	신촌명물거리	서울특별시 서대문구 명물길 24, 1-5층 (창천동)	-	37.5584453	126.9386128
starb	189	서울	연세백양로	서울특별시 서대문구 연세로 50 (신촌동) 연세대학교	-	37.564089	126.9389809
starb	191	서울	신촌	서울특별시 서대문구 연세로 10-1 (창천동)	-	37.5564503	126.9371086
starb	193	서울	서강대	서울특별시 마포구 백범로 23 (신수동)	-	37.5524589	126.9378262
starb	195	서울	연대	서울특별시 서대문구 연세로 35 (창천동)	-	37.5586875	126.9366988
starb	197	서울	신설동역	서울특별시 동대문구 왕산로 19 (신설동)	-	37.5766701	127.0255138
starb	199	서울	왕십리역	서울특별시 성동구 왕십리로 326 (도선동)	-	37.5627152	127.0338928
starb	201	서울	동부이촌동	서울특별시 용산구 이촌로 198 (이촌동)	-	37.5210945	126.9690312
starb	203	서울	연희DT	서울특별시 서대문구 연희로 146 (연희동)	-	37.5701744	126.9339647
starb	205	서울	성신여대	서울특별시 성북구 동소문로24길 12 (동선동1가)	-	37.593268	127.018455
starb	207	서울	엔터식스	서울특별시 성동구 왕십리광장로 17 (행당동)	-	37.561805	127.038336
starb	209	서울	고대	서울특별시 성북구 인촌로24길 51 (안암동5가)	-	37.5838912	127.0296926
starb	211	서울	고대안암병원	서울특별시 성북구 인촌로 73, 고려대병원 (안암동5가)	-	37.5862871	127.0248899
starb	213	서울	동교삼거리	서울특별시 서대문구 신촌로 1 (창천동)	-	37.5575088	126.944032
starb	215	서울	엔터식스한양대	서울특별시 성동구 행당동 왕십리로 241 B1층	-	37.5569812	127.0307697
starb	217	서울	안암역	서울특별시 성북구 인촌로 102-2 (안암동5가)	-	37.5861033	127.0306875
starb	219	서울	한양대	서울특별시 성동구 왕십리로 225 (행당동)	-	37.557121	127.0421163
starb	221	서울	홍대갤러리	서울특별시 마포구 와우산로 101, 정명빌딩 (서교동)	-	37.5532505	126.9248429
starb	223	서울	홍대역	서울특별시 마포구 양화로 165, 상진빌딩 1층 (동교동)	-	37.552785	126.9186125
starb	225	서울	가로수길	서울특별시 강남구 논현로175길 94, 1~2층 (신사동)	-	37.5242562	127.0243718
starb	227	서울	종로평창	서울특별시 종로구 평창문화로 51, 1~2층 (평창동)	-	37.5729503	126.9793579
starb	229	서울	홍대공원	서울특별시 마포구 와우산로 83 (서교동)	-	37.5518988	126.9232428
starb	231	서울	압구정역	서울특별시 강남구 압구정로 170, 관영빌딩 1층 지하1층 (신사동)	-	37.5270213	127.0357939
starb	233	서울	홍대삼거리	서울특별시 마포구 와우산로 64 (상수동)	-	37.5501805	126.9232392
starb	235	서울	상수역	서울특별시 마포구 독막로 88 (상수동)	-	37.5474817	126.9232158
starb	237	서울	압구정미소	서울특별시 강남구 논현로 841 (신사동)	-	37.5240211	127.0278937
starb	239	서울	동교	서울특별시 마포구 월드컵북로 22, 영준빌딩 1층 (동교동)	-	37.5697271	126.9029931
starb	241	서울	명지대	서울특별시 서대문구 거북골로 53 (남가좌동)	-	37.5782618	126.9223233
starb	243	서울	압구정로	서울특별시 강남구 압구정로42길 32 (신사동)	-	37.5268082	127.0347226
starb	245	서울	청량리역	서울특별시 동대문구 왕산로40길 2 (전농동)	-	37.5797374	127.0448201
starb	247	서울	신사역	서울특별시 강남구 도산대로 108 (논현동) 렉스타워	-	37.516159	127.020635
starb	249	서울	신압구정	서울특별시 강남구 언주로174길 29 (신사동)	-	37.5280809	127.0364236
starb	251	서울	뉴코아강남	서울특별시 서초구 잠원로 69 (잠원동) 킴스클럽	-	37.5102313	127.0069616
starb	253	서울	도산가로수길	서울특별시 강남구 도산대로 134, 2층 (논현동)	-	37.5172519	127.0233424
starb	255	서울	서교	서울특별시 마포구 양화로 78 (서교동)	-	37.5513453	126.9169075
starb	257	서울	을지병원사거리	서울특별시 강남구 논현로 752	-	37.5191246	127.0286314
starb	259	서울	합정메세나몰	서울특별시 마포구 양화로 45 (서교동, 메세나폴리스)	-	37.552785	126.9186125
starb	261	서울	합정역	서울특별시 마포구 독막로 5 (합정동)	-	37.5489955	126.9142685
starb	263	서울	반포역	서울특별시 서초구 신반포로 257 (잠원동) 신반포11차상가	-	37.5094191	127.0130498
starb	265	서울	압구정로데오역	서울특별시 강남구 선릉로 836, 삼원빌딩 1,2층 (청담동)	-	37.5070339	127.047777
starb	267	서울	대우증권	서울특별시 영등포구 국제금융로 56, 대우증권빌딩 1층 (여의도동)	-	37.521074	126.931131
starb	269	서울	논현역	서울특별시 서초구 강남대로 557 (잠원동) 1~2층	-	37.511606	127.020610
starb	271	서울	여의도한양증권	서울특별시 영등포구 국제금융로6길 7 (여의도동) 한양증권	-	37.5223655	126.9290942
starb	273	서울	동여의도	서울특별시 영등포구 국제금융로 86 (여의도동) 롯데캐슬 아이비	-	37.5199093	126.9317832
starb	275	서울	학동사거리	서울특별시 강남구 도산대로 328 (논현동) HS빌딩	-	37.5223645	127.0379543
starb	277	서울	여의도IFC몰	서울특별시 영등포구 국제금융로 10 (여의도동)	-	37.5249367	126.9252845
starb	279	서울	종암	서울특별시 성북구 종암로 122-9 (종암동)	-	37.6013874	127.0339625
starb	281	서울	여의도의사당	서울특별시 영등포구 국회대로74길 12, 남중빌딩 1층 (여의도동)	-	37.5301305	126.9212365
starb	283	서울	망원역	서울특별시 마포구 월드컵로 74 (서교동)	-	37.5557302	126.9106996
starb	285	서울	신세계강남9층	서울특별시 서초구 신반포로 176, 센트럴시티빌딩 9층 (반포동)	-	37.5041437	126.9970518
starb	287	서울	여의도IFC	서울특별시 영등포구 국제금융로 10 (여의도동)	-	37.5249367	126.9252845
starb	289	서울	센트럴시티	서울특별시 서초구 신반포로 176 (반포동)	-	37.5041299	127.0030692
starb	291	서울	여의도호성	서울특별시 영등포구 여의대방로65길 24, 호성빌딩 1층 (여의도동)	-	37.5197442	126.9295397
starb	293	서울	서여의도	서울특별시 영등포구 국회대로70길 15-1 (여의도동)	-	37.5296225	126.9203828
starb	295	서울	여의도	서울특별시 영등포구 국제금융로2길 28 (여의도동)	-	37.5240419	126.9244816
starb	297	서울	학동역	서울특별시 강남구 논현로 704 (논현동)	-	37.5145746	127.0307537
starb	299	서울	성수이마트	서울특별시 성동구 뚝섬로 379 (성수동2가) 이마트 성수점	-	37.5399389	127.0531674
starb	301	서울	파미에파크	서울특별시 서초구 사평대로 205 (반포동) CENTRALCITY	-	37.5044253	127.0077601
starb	303	서울	여의도일신	서울특별시 영등포구 은행로 11 (여의도동)	-	37.5278712	126.9202202
starb	305	서울	롯데캐슬여의도	서울특별시 영등포구 의사당대로 127 (여의도동)	-	37.5201371	126.9263986
starb	307	서울	여의도알리안츠	서울특별시 영등포구 의사당대로 147 (여의도동) 알리안츠타워	-	37.5187813	126.9278117
starb	309	서울	현대미아	서울특별시 성북구 동소문로 315, 현대백화점미아점 지하 1층 (길음동)	-	37.5973535	127.0188961
starb	311	서울	은평구청입구	서울특별시 은평구 은평로 170 (응암동)	-	37.6010363	126.9267886
starb	313	서울	서울세관사거리	서울특별시 강남구 언주로 650 (논현동) 한국건설기술인협회	-	37.5148904	127.0357573
starb	315	서울	대투	서울특별시 영등포구 의사당대로 82, 하나대투증권빌딩 (여의도동)	-	37.5229725	126.92247
starb	317	서울	월곡역	서울특별시 성북구 화랑로 76, 101-1호 (하월곡동)	-	37.6086969	127.0550159
starb	319	서울	서래마을입구	서울특별시 서초구 서래로 48 (반포동)	-	37.4992297	126.9985484
starb	321	서울	논현힐탑	서울특별시 강남구 논현로 648 (논현동)	-	37.5115577	127.032262
starb	323	서울	청담사거리	서울특별시 강남구 도산대로 458 (청담동) 리츠타워	-	37.5236351	127.0468651
starb	325	서울	서초중앙로	서울특별시 서초구 서초중앙로 225	-	37.5016276	127.011526
starb	327	서울	방배카페입구	서울특별시 서초구 방배중앙로 204, 리첸시아방배 방배 (방배동)	-	37.4889065	126.9889147
starb	329	서울	강남구청역	서울특별시 강남구 선릉로 669, 웰빙센터 1층 (논현동)	-	37.5070339	127.047777
starb	331	서울	신논현역	서울특별시 서초구 강남대로 483 (반포동) 청호빌딩	-	37.5053019	127.0236395
starb	333	서울	미아사거리역	서울특별시 강북구 도봉로 32 (미아동)	-	37.611869	127.030794
starb	335	서울	경희대	서울특별시 동대문구 경희대로 16-1 (회기동)	-	37.5928812	127.0528085
starb	337	서울	은평이마트	서울특별시 은평구 은평로 111 (응암동)	-	37.6007771	126.9204992
starb	339	서울	청담	서울특별시 강남구 도산대로 532, 인희빌딩 1층 (청담동)	-	37.5211419	127.0346289
starb	341	서울	장한평역	서울특별시 동대문구 장한로 10 (장안동)	-	37.5622228	127.0655129
starb	343	서울	회기역사거리	서울특별시 동대문구 이문로 37 (회기동)	-	37.5907694	127.0561043
starb	345	서울	강남에비뉴	서울특별시 서초구 서초대로77길 62, 강남역아이파크 B102~B105 (서초동)	-	37.5006226	127.0253673
starb	347	서울	강남대로	서울특별시 강남구 강남대로 456, 한석타워 2층 1-2호 (역삼동)	-	37.5026761	127.0260437
starb	349	서울	차병원사거리	서울특별시 강남구 봉은사로 213, 센트럴타워 (논현동)	-	37.5085884	127.0405045
starb	351	서울	방배카페골목	서울특별시 서초구 방배중앙로 162 (방배동)	-	37.4934767	126.9865297
starb	353	서울	숭실대입구역	서울특별시 동작구 상도로 354 (상도동)	-	37.4968346	126.9527123
starb	355	서울	교대법원	서울특별시 서초구 서초중앙로 164 (서초동)	-	37.4963206	127.0133771
starb	357	서울	청담공원	서울특별시 강남구 학동로 506 (삼성동)	-	37.5186549	127.0514387
starb	359	서울	경복아파트	서울특별시 강남구 봉은사로 304, 금강빌딩 1-2층 (역삼동)	-	37.5085884	127.0405045
starb	361	서울	방배	서울특별시 서초구 방배로 211	-	37.491914	126.9904974
starb	363	서울	숭실대	서울특별시 동작구 사당로 4 (상도동)	-	37.4953631	126.9548386
starb	365	서울	강남2	서울특별시 서초구 서초대로77길 27, 유빌딩 1,2층 (서초동)	-	37.5000875	127.0254909
starb	367	서울	강남역	서울특별시 강남구 강남대로 422 (역삼동)	-	37.5003556	127.026969
starb	369	서울	선정릉역	서울특별시 강남구 봉은사로 407 (삼성동) 에프오빌딩	-	37.5107549	127.0445597
starb	371	서울	당산역	서울특별시 영등포구 당산로 231, 대원빌딩 1,2층 (당산동6가)	-	37.534522	126.901868
starb	373	서울	교대역	서울특별시 서초구 서초중앙로 138 (서초동) 우림빌딩	-	37.4942069	127.0139398
starb	375	서울	내방역	서울특별시 서초구 방배로 184 (방배동) 대풍빌딩	-	37.4899917	126.9924614
starb	377	서울	강남GT타워	서울특별시 서초구 서초대로 411, GT타워 (서초동)	-	37.4977803	127.0261927
starb	379	서울	당산	서울특별시 영등포구 양평로 64 (당산동6가)	-	37.5350961	126.8999555
starb	381	서울	몬테소리	서울특별시 서초구 강남대로 399 (서초동)	-	37.4982126	127.0268238
starb	383	서울	외대	서울특별시 동대문구 휘경로 12-1 (이문동)	-	37.595688	127.0613927
starb	385	서울	영등포본동	서울특별시 영등포구 영등포로 254 (영등포동3가)	-	37.5185135	126.9095859
starb	387	서울	교대	서울특별시 서초구 서초중앙로 118 (서초동)	-	37.4923513	127.0142164
starb	389	서울	삼성현대힐	서울특별시 강남구 삼성로 605 (삼성동)	-	37.5134507	127.0527081
starb	391	서울	건대입구	서울특별시 광진구 능동로 107 (화양동)	-	37.5406604	127.0707225
starb	393	서울	서초역	서울특별시 서초구 반포대로 118 (서초동)	-	37.4906229	127.0085975
starb	395	서울	역삼역	서울특별시 강남구 테헤란로 145, 우신빌딩 1층 (역삼동)	-	37.5045703	127.0494465
starb	397	서울	GS타워	서울특별시 강남구 논현로 508 (역삼동)	-	37.5018592	127.0372776
starb	399	서울	역삼포스코	서울특별시 강남구 테헤란로 134, P&S Tower (역삼동)	-	37.4993385	127.0337927
starb	401	서울	자양	서울특별시 광진구 능동로 50 (자양동)	-	37.5354769	127.0691462
starb	403	서울	역삼대로	서울특별시 강남구 테헤란로 211, 한국고등교육재단빌딩 1층 (역삼동)	-	37.5045703	127.0494465
starb	405	서울	건국클래식	서울특별시 광진구 능동로 90 (자양동) 더 클래식500	-	37.5387765	127.0710831
starb	407	서울	캐피탈타워	서울특별시 강남구 테헤란로 142 (역삼동)	-	37.4996847	127.0349215
starb	409	서울	강남삼성타운	서울특별시 서초구 서초대로78길 24 (서초동)	-	37.4955152	127.027742
starb	411	서울	강남비젼타워	서울특별시 강남구 테헤란로2길 27, 1층 101호 (역삼동)	-	37.4964557	127.0296885
starb	413	서울	큰길타워	서울특별시 강남구 테헤란로 223, 큰길타워빌딩 (역삼동)	-	37.5045703	127.0494465
starb	415	서울	구산역	서울특별시 은평구 연서로 146 (대조동)	-	37.6117171	126.9176171
starb	417	서울	이수역	서울특별시 서초구 동작대로 112 (방배동)	-	37.4864664	126.9827403
starb	419	서울	서초파라곤	서울특별시 서초구 서초대로74길 29 (서초동) 서초파라곤	-	37.4949034	127.0274129
starb	421	서울	기술센터	서울특별시 강남구 테헤란로 305, 한국기술센터 1층 (역삼동)	-	37.5045703	127.0494465
starb	423	서울	건대스타시티	서울특별시 광진구 아차산로 262 (자양동)	-	37.5376127	127.0726183
starb	425	서울	선릉로	서울특별시 강남구 선릉로93길 22, 대흥빌딩 1층 (역삼동)	-	37.5046939	127.0464059
starb	427	서울	미아역	서울특별시 강북구 도봉로 196 (미아동)	-	37.6260494	127.0266005
starb	429	서울	르네상스사거리	서울특별시 강남구 테헤란로 306 (역삼동)	-	37.5025597	127.044093
starb	431	서울	신세계영등포B2	서울특별시 영등포구 영중로 9, 신세계백화점 B관 지하2층 (영등포동4가)	-	37.5252401	126.9053939
starb	433	서울	신세계영등포B	서울특별시 영등포구 영중로 9, 신세계백화점 B관 1층 (영등포동4가)	-	37.5252401	126.9053939
starb	435	서울	타임스퀘어	서울특별시 영등포구 영중로 15 (영등포동4가) 타임스퀘어	-	37.517007	126.9041419
starb	437	서울	코엑스사거리	서울특별시 강남구 영동대로 616 (삼성동)	-	37.5153516	127.0601103
starb	439	서울	상암DMC	서울특별시 마포구 월드컵북로 375, DMC이안오피스텔1단지 102호 (상암동)	-	37.5697271	126.9029931
starb	441	서울	군자역	서울특별시 광진구 천호대로 548 (군자동) 중앙빌딩	-	37.5566812	127.0789171
starb	443	서울	선릉역	서울특별시 강남구 테헤란로 334, LG화재 빌딩 (역삼동)	-	37.5045703	127.0494465
starb	445	서울	상암디지털큐브	서울특별시 마포구 상암산로 34	-	37.5784516	126.8915392
starb	447	서울	타임스퀘어B2	서울특별시 영등포구 영중로 15, 타임스퀘어 단지 지하2층 (영등포동4가)	-	37.5252401	126.9053939
starb	449	서울	연신내역	서울특별시 은평구 연서로 216 (대조동)	-	37.6177686	126.920095
starb	451	서울	상암MBC	서울특별시 마포구 성암로 267 (상암동)	-	37.5740931	126.9035854
starb	453	서울	역삼초교사거리	서울특별시 강남구 역삼로 123 (역삼동)	-	37.4941005	127.0330019
starb	455	서울	서울교대	서울특별시 서초구 서초중앙로 64, 1층 (서초동)	-	37.4873998	127.0151589
starb	457	서울	코엑스몰	서울특별시 강남구 영동대로 513 (삼성동) 코엑스	-	37.5101935	127.0585824
starb	459	서울	삼성도심공항	서울특별시 강남구 테헤란로87길 33 (삼성동)	-	37.5097863	127.0579134
starb	461	서울	구역삼사거리	서울특별시 강남구 논현로 401 (역삼동)	-	37.4958957	127.0388933
starb	463	서울	선릉	서울특별시 강남구 테헤란로64길 18, 세화빌딩 1층 (대치동)	-	37.5037072	127.0512386
starb	465	서울	삼성	서울특별시 강남구 테헤란로 443, 애플트리타워 1층 (삼성동)	-	37.5045703	127.0494465
starb	467	서울	방배역	서울특별시 서초구 방배로 84 (방배동)	-	37.48193	126.9976464
starb	469	서울	남부터미널2	서울특별시 서초구 효령로 274 (서초동)	-	37.4843561	127.0142016
starb	471	서울	중랑역	서울특별시 중랑구 망우로30길 3 (상봉동)	-	37.5930326	127.0747358
starb	473	서울	뱅뱅	서울특별시 서초구 강남대로 299, 강남메트로빌딩 1층 (서초동)	-	37.4872446	127.0327813
starb	475	서울	남부터미널	서울특별시 서초구 서초중앙로 26, 래미안서초유니빌 1층 101호 (서초동)	-	37.4846243	127.0169762
starb	477	서울	서초동	서울특별시 서초구 남부순환로339길 64, 현우빌딩 1층 (서초동)	-	37.4858915	127.0215742
starb	479	서울	영등포신길DT	서울특별시 영등포구 신길로 137 (신길동)	-	37.5045573	126.9100739
starb	481	서울	포스코	서울특별시 강남구 삼성로86길 7, 1층 (대치동)	-	37.5057344	127.0579281
starb	483	서울	하이테크시티	서울특별시 영등포구 경인로 775 (문래동3가) 에이스하이테크시티	-	37.5146657	126.8984728
starb	485	서울	문래역	서울특별시 영등포구 당산로 34 (문래동3가)	-	37.517425	126.8964798
starb	487	서울	역삼럭키	서울특별시 강남구 도곡로 183 (역삼동)	-	37.4921956	127.039393
starb	489	서울	삼성역	서울특별시 강남구 테헤란로103길 9 (삼성동)	-	37.5100113	127.0638805
starb	491	서울	뱅뱅사거리	서울특별시 강남구 강남대로 282 (도곡동)	-	37.4885277	127.032471
starb	493	서울	사당역	서울특별시 동작구 동작대로 21, 양지빌딩 1-3층 (사당동)	-	37.4784593	126.9813316
starb	495	서울	삼성역사거리	서울특별시 강남구 테헤란로98길 11 (대치동)	-	37.5076531	127.062728
starb	497	서울	자양사거리	서울특별시 광진구 아차산로 355	-	37.5373702	127.0826398
starb	499	서울	예술의전당	서울특별시 서초구 남부순환로323길 1, 1층 (서초동)	-	37.4810928	127.0134801
starb	501	서울	서울아트센터	서울특별시 서초구 남부순환로 2395 (서초동) 호경빌딩	-	37.4806256	127.0123511
starb	503	서울	보라매대교	서울특별시 관악구 보라매로3길 23, 대교빌딩 1층 (봉천동)	-	37.4912373	126.9261723
starb	505	서울	사당로데오	서울특별시 서초구 방배천로 5-4(방배동)	-	37.4772752	126.9821605
starb	507	서울	서울대입구역	서울특별시 관악구 남부순환로 1812 (봉천동)	-	37.4811125	126.9513217
starb	509	서울	구의역	서울특별시 광진구 아차산로 373 (구의동)	-	37.5369745	127.0840194
starb	511	서울	삼성교	서울특별시 강남구 영동대로86길 12, ,9,10번지 동남유화빌딩 (대치동)	-	37.5078749	127.0653357
starb	513	서울	보라매타운	서울특별시 동작구 보라매로5길 43, 보라매삼성쉐르빌 1층 (신대방동)	-	37.4919741	126.9228702
starb	515	서울	목동5단지	서울특별시 양천구 목동동로 411, 1동 116호(목동, 부영그린타운3차)	-	37.527094	126.8754532
starb	517	서울	구의DT	서울특별시 광진구 광나루로 519 (구의동)	-	37.545357	127.0871714
starb	519	서울	사당	서울특별시 관악구 남부순환로 2082-25	-	37.4760091	126.9809985
starb	521	서울	문래동	서울특별시 영등포구 선유로 64, 대창타운빌 1층 (문래동3가)	-	37.5268553	126.8924014
starb	523	서울	한티역	서울특별시 강남구 도곡로 408, 디마크빌딩 101호 (대치동)	-	37.494213	127.0462502
starb	525	서울	수유역	서울특별시 강북구 도봉로 342 (번동)	-	37.6380167	127.026135
starb	527	서울	사가정역	서울특별시 중랑구 면목로 310	-	37.5841989	127.0866148
starb	529	서울	신림	서울특별시 관악구 신림로 355-1 (신림동)	-	37.4860587	126.9291581
starb	531	서울	신림사거리	서울특별시 관악구 남부순환로 1619 (신림동)	-	37.4846038	126.9304905
starb	533	서울	목동	서울특별시 양천구 목동서로 67 (목동) 우성에펠타운	-	37.5363389	126.878533
starb	535	서울	대치	서울특별시 강남구 도곡로 511 (대치동)	-	37.499591	127.0622226
starb	537	서울	신림역포도몰	서울특별시 관악구 신림로 330, Podo Mall 1층 101 일부 (신림동)	-	37.4741365	126.9358708
starb	539	서울	염창역	서울특별시 강서구 공항대로 627 (염창동)	-	37.547251	126.8745264
starb	541	서울	강북구청사거리	서울특별시 강북구 도봉로 365 (수유동)	-	37.6400187	127.0273281
starb	543	서울	광운대	서울특별시 노원구 석계로 104 (월계동)	-	37.6231479	127.0607009
starb	545	서울	양재역	서울특별시 서초구 강남대로 202 (양재동) 모산빌딩	-	37.4822885	127.0368492
starb	547	서울	구파발역	서울특별시 은평구 진관2로 12	-	37.6343271	126.9186635
starb	549	서울	도곡역	서울특별시 강남구 남부순환로 2909 (대치동)	-	37.4921442	127.0573977
starb	551	서울	상봉역	서울특별시 중랑구 망우로 307, ,3,4번지 (상봉동)	-	37.5977195	127.0932913
starb	553	서울	신세계도곡	서울특별시 강남구 언주로30길 57, 타워팰리스Ⅱ F 지하1층 (도곡동)	-	37.488472	127.054028
starb	555	서울	강변역	서울특별시 광진구 구의강변로 64 (구의동) 구의아크로리버	-	37.5361506	127.093086
starb	557	서울	현대디큐브B2	서울특별시 구로구 경인로 662 (신도림동)	-	37.5084321	126.8887332
starb	559	서울	현대디큐브2F	서울특별시 구로구 경인로 662 (신도림동)	-	37.5084321	126.8887332
starb	561	서울	아시아선수촌	서울특별시 송파구 백제고분로 69 (잠실동)	-	37.5104935	127.0790257
starb	563	서울	영동2교	서울특별시 서초구 논현로 139, 대흥빌딩 (양재동)	-	37.4779757	127.0453869
starb	565	서울	대치역	서울특별시 강남구 남부순환로 2936, 원플러스 상가107호 (대치동)	-	37.4933099	127.0619031
starb	567	서울	목동파라곤	서울특별시 양천구 목동서로 155, 목동파라곤 1층 (목동)	-	37.5290106	126.8753139
starb	569	서울	신천역	서울특별시 송파구 올림픽로 96 (잠실동)	-	37.5114268	127.0812007
starb	571	서울	학여울역	서울특별시 강남구 영동대로 215 (대치동)	-	37.4979557	127.0685027
starb	573	서울	월계이마트	서울특별시 노원구 마들로3길 15 (월계동)	-	37.62644	127.0619091
starb	575	서울	묵동이마트	서울특별시 중랑구 동일로 932, 묵동이마트 B1층 (묵동)	-	37.6042971	127.0780346
starb	577	서울	현대목동	서울특별시 양천구 목동동로 257, 현대백화점목동점 지하 2층 (목동)	-	37.5290568	126.8756087
starb	579	서울	오목교역	서울특별시 양천구 오목로 354 (목동)	-	37.5245067	126.862375
starb	581	서울	광장	서울특별시 광진구 아차산로 537-17 (광장동)	-	37.5435747	127.098782
starb	583	서울	목동7단지	서울특별시 양천구 목동서로 213 (목동) 세신비젼프라자	-	37.5279765	126.8706029
starb	585	서울	포이	서울특별시 강남구 논현로 88 (개포동)	-	37.4777792	127.0451187
starb	587	서울	가양이마트	서울특별시 강서구 양천로 559, 가양이마트 1층 (가양동)	-	37.5642415	126.8426754
starb	589	서울	목동하이페리온	서울특별시 양천구 오목로 300 (목동)	-	37.5241644	126.8703368
starb	591	서울	쌍문역	서울특별시 도봉구 도봉로 480 (창동)	-	37.6483224	127.0348734
starb	593	서울	광나루	서울특별시 광진구 아차산로 607, 1,2층 (광장동)	-	37.5433181	127.1030974
starb	595	서울	중랑구청	서울특별시 중랑구 신내로 72	-	37.6090039	127.0944014
starb	597	서울	갤러리아팰리스	서울특별시 송파구 올림픽로 212, 갤러리아 팰리스 (잠실동)	-	37.5113775	127.0935987
starb	599	서울	구로디지털로	서울특별시 구로구 디지털로33길 11, 에이스테크노8차 1층 (구로동)	-	37.4867181	126.8945928
starb	601	서울	구로호텔	서울특별시 구로구 디지털로32길 72, 구로호텔 1층 (구로동)	-	37.4837235	126.8993211
starb	603	서울	잠실역	서울특별시 송파구 송파대로 562, 한빛프라자 1층, 2층 (신천동)	-	37.5152717	127.0994664
starb	605	서울	구로에이스	서울특별시 구로구 디지털로 285, 에이스트윈타워1차 103호 (구로동)	-	37.4833793	126.8941131
starb	607	서울	신세계아이앤씨	서울특별시 구로구 디지털로31길 61, 신세계디지털센터 101호 (구로동)	-	37.4862522	126.8921456
starb	609	서울	잠실	서울특별시 송파구 올림픽로35가길 9, 잠실푸르지오월드마크 1층 (신천동)	-	37.5213517	127.1026097
starb	611	서울	석촌서호	서울특별시 송파구 석촌호수로 176 (삼전동)	-	37.5063351	127.0962937
starb	613	서울	강서아이파크	서울특별시 강서구 화곡로 347 (화곡동)	-	37.554776	126.8511883
starb	615	서울	하이브랜드	서울특별시 서초구 매헌로 16, 리빙관 101호 (양재동)	-	37.4658491	127.0356661
starb	617	서울	구로하이엔드	서울특별시 구로구 디지털로26길 5, 에이스하이엔드타워1차 103호 (구로동)	-	37.4814128	126.8960861
starb	619	서울	중계역	서울특별시 노원구 동일로 1339, 대한빌딩 (상계동)	-	37.6562713	127.0624069
starb	621	서울	석촌호수	서울특별시 송파구 석촌호수로 262 (송파동)	-	37.5094027	127.1052218
starb	623	서울	서울여대	서울특별시 노원구 화랑로 621 (공릉동)	-	37.6292222	127.0905514
starb	625	서울	등촌	서울특별시 강서구 공항대로 329 (등촌동)	-	37.5582043	126.8443392
starb	627	서울	가산그레이트	서울특별시 금천구 디지털로9길 32, 갑을그레이트밸리 1층 (가산동)	-	37.4803077	126.8859887
starb	629	서울	마리오아울렛	서울특별시 금천구 디지털로9길 23 (가산동)	-	37.4786713	126.8864968
starb	631	서울	WMall	서울특별시 금천구 디지털로 188 (가산동)	-	37.4773244	126.8877548
starb	633	서울	석촌역	서울특별시 송파구 백제고분로 358, 1층 (석촌동)	-	37.5042626	127.1061077
starb	635	서울	까치산역	서울특별시 강서구 강서로13길 3 (화곡동)	-	37.5316073	126.8454041
starb	637	서울	노원역	서울특별시 노원구 동일로 1413, 1층 (상계동)	-	37.6547298	127.0600029
starb	639	서울	가산디지털	서울특별시 금천구 가산디지털1로 168 (가산동)	-	37.4798346	126.8824997
starb	641	서울	현대천호B1	서울특별시 강동구 천호대로 1005 (천호동) 현대백화점(천호동)	-	37.5388007	127.1243716
starb	643	서울	노원KT	서울특별시 노원구 노해로 502, (주)KT 노원사옥 (상계동)	-	37.6543814	127.0636656
starb	645	서울	천호역	서울특별시 강동구 천호대로 1012, 태승빌딩 (성내동)	-	37.538274	127.14567
starb	647	서울	발산역	서울특별시 강서구 강서로 388 (등촌동) 그랜드마트	-	37.5601723	126.8393026
starb	649	서울	가산브이타워	서울특별시 금천구 가산디지털1로 128 (가산동)	-	37.4771592	126.8837142
starb	651	서울	천호이마트	서울특별시 강동구 천호대로 1015-14 (천호동) 이마트별관	-	37.5389169	127.1252133
starb	653	서울	올림픽평화의문	서울특별시 송파구 위례성대로 38 (방이동) 해태그린피아빌라트	-	37.5156426	127.1164819
starb	655	서울	금천독산	서울특별시 금천구 두산로 66 (독산동)	-	37.4691258	126.8952492
starb	657	서울	송파사거리	서울특별시 송파구 송파대로 386 (송파동)	-	37.5022465	127.1103401
starb	659	서울	천호로데오	서울특별시 강동구 천호대로 1037 (천호동)	-	37.5378069	127.1273094
starb	661	서울	은행사거리	서울특별시 노원구 중계로 217, 중흥빌딩 103,203호 (중계동)	-	37.6483727	127.0787833
starb	663	서울	화곡동	서울특별시 강서구 화곡로 142(화곡동)	-	37.5405337	126.8375885
starb	665	서울	수서	서울특별시 강남구 밤고개로1길 10 (수서동) 수서현대벤쳐빌	-	37.4879855	127.1017774
starb	667	서울	올림픽공원북문	서울특별시 강동구 강동대로 171 (성내동)	-	37.525401	127.1259345
starb	669	서울	올림픽공원남문	서울특별시 송파구 위례성대로 102 (방이동)	-	37.5132916	127.123111
starb	671	서울	신월IC	DT 서울특별시 양천구 남부순환로 430 (신월동)	-	37.5293911	126.8320559
starb	673	서울	방이역	서울특별시 송파구 마천로 53, 1~2층 (오금동)	-	37.5025445	127.1362622
starb	675	서울	길동사거리	서울특별시 강동구 양재대로 1441, 1층 (길동)	-	37.5346536	127.1383951
starb	677	서울	가락본동	서울특별시 송파구 송파대로30길 13 (가락동)	-	37.4948203	127.1187978
starb	679	서울	올림픽훼미리	서울특별시 송파구 중대로 68 (문정동)	-	37.4915118	127.1164066
starb	681	서울	길동역	서울특별시 강동구 양재대로 1487 (길동)	-	37.5386789	127.1400495
starb	683	서울	올림픽아파트	서울특별시 송파구 양재대로 1222 (방이동)	-	37.5157197	127.1322328
starb	685	서울	오류동역	서울특별시 구로구 경인로 216 (오류동)	-	37.4961687	126.8448492
starb	687	서울	가락시장역	서울특별시 송파구 중대로 121, 롯데캐슬 파인힐 1층 (가락동)	-	37.4943071	127.121397
starb	689	서울	문정로데오	서울특별시 송파구 동남로 141 (가락동)	-	37.491868	127.1262565
starb	691	서울	가든파이브	서울특별시 송파구 충민로 10 (문정동) 가든파이브툴	-	37.4782316	127.1193703
starb	693	서울	명일이마트	서울특별시 강동구 동남로75길 5 (명일동) 명일이마트별관주차장	-	37.5539649	127.1559881
starb	695	서울	상일동	서울특별시 강동구 상일로10길 36, 1~2층 (상일동)	-	37.5530573	127.1724614
starb	697	경기	철산로데오	경기도 광명시 디지털로 17 (철산1동) 가림빌딩	-	37.4739663	126.8693507
starb	699	경기	광명철산	경기도 광명시 오리로 865 (철산동)	-	37.4752158	126.8658452
starb	701	경기	광명하안	경기도 광명시 범안로 1060 (하안동)	-	37.4625705	126.8805762
starb	703	경기	과천	경기도 과천시 중앙로 129, 고려빌딩 1층 (중앙동)	-	37.4439497	126.9997729
starb	705	경기	구리인창	경기도 구리시 건원대로 67, 1층 (인창동)	-	37.6069038	127.1388727
starb	707	경기	구리돌다리	경기도 구리시 검배로 5, 우진빌딩 (수택동)	-	37.6005827	127.1419229
starb	709	경기	과천이마트	경기도 과천시 별양상가3로 11, 이마트 1층 (별양동)	-	37.4259384	126.9915474
starb	711	경기	화정역	경기도 고양시 덕양구 화신로260번길 57 (화정동)	-	37.6335731	126.8327327
starb	713	경기	화정	경기도 고양시 덕양구 화신로272번길 57 (화정동)	-	37.633499	126.8314389
starb	715	경기	별내	경기도 남양주시 별내중앙로 64 1-2층	-	37.6557107	127.1205764
starb	717	경기	안양석수DT	경기도 안양시 만안구 경수대로 1397 (석수동)	-	37.4310609	126.9034526
starb	719	경기	원당DT	경기도 고양시 덕양구 호국로 811 (주교동)	-	37.6581532	126.8376202
starb	721	경기	역곡역DT	경기도 부천시 소사구 경인로 485	-	37.4834833	126.8092991
starb	723	경기	인덕원역	경기도 안양시 동안구 흥안대로 519, 아이퍼스트타워 1~2층 (관양동)	-	37.3821228	126.9654697
starb	725	경기	고양DT	경기도 고양시 덕양구 호국로 1775 (고양동)	-	37.7095394	126.9052947
starb	729	경기	안양역	경기도 안양시 만안구 장내로 149번길 (안양동)53	-	37.3994514	126.9229878
starb	731	경기	안양일번가	경기도 안양시 만안구 안양로292번길 36 (안양동)	-	37.3991551	126.9237041
starb	733	경기	평촌로데오	경기도 안양시 동안구 관평로 182 (관양동)	-	37.3929038	126.9607045
starb	735	경기	평촌아크로	경기도 안양시 동안구 시민대로 230, 평촌아크로타워상가동 2층 (관양동)	-	37.3918595	126.9571155
starb	737	경기	범계로데오	경기도 안양시 동안구 평촌대로 223 (호계동)	-	37.3914797	126.9550291
starb	739	경기	안양비산DT	경기도 안양시 동안구 경수대로 821 (비산동)	-	37.392533	126.943308
starb	741	경기	부천중동	경기도 부천시 원미구 신흥로 161 (중동)	-	37.497986	126.777086
starb	743	경기	부천신중동역	경기도 부천시 원미구 길주로 281 (중동) 동화빌딩	-	37.5037646	126.7741439
starb	745	경기	부천	경기도 부천시 원미구 부천로 7, 1,2층 (심곡동)	-	37.5019474	126.7844445
starb	747	경기	부천역사	경기도 부천시 소사구 부천로 1, 부천역사쇼핑몰 2층 (심곡본동)	-	37.4839955	126.7826385
starb	749	경기	하남신장	경기도 하남시 신장로 130	-	37.5383441	127.2039695
starb	751	경기	백석역DT	경기도 고양시 일산동구 중앙로 1054, 1층 (백석동)	-	37.6439377	126.7873856
starb	753	경기	백석	경기도 고양시 일산동구 중앙로 1059 (백석동)	-	37.6438756	126.7861605
starb	755	경기	단대오거리역	경기도 성남시 중원구 산성대로 340-1 (중앙동)	-	37.4433283	127.1545766
starb	757	경기	일산식사	경기도 고양시 일산동구 위시티2로11번길 31 (식사동)	-	37.6772412	126.8129062
starb	759	경기	판교브릿지타워	경기도 성남시 분당구 판교로 227번길 6 (삼평동)	-	37.3985507	127.1068146
starb	761	경기	일산백마	경기도 고양시 일산동구 일산로 237 (마두동)	-	37.6570742	126.7880695
starb	763	경기	부천시청역	경기도 부천시 원미구 길주로 181, 102,103,104,110,111,112호 (중동)	-	37.5034842	126.7841007
starb	765	경기	현대중동	경기도 부천시 원미구 길주로 180, 현대백화점부천중동점 중동점 지하1층 (중동)	-	37.504939	126.7859443
starb	767	경기	서판교	경기도 성남시 분당구 운중로 132 (운중동)	-	37.3905055	127.082868
starb	769	경기	신세계의정부2F	경기도 의정부시 평화로 525, 신세계백화점 2층 (의정부동)	-	37.7227451	127.0462556
starb	771	경기	신세계의정부6F	경기도 의정부시 평화로 525, 신세계백화점 6층 (의정부동)	-	37.7227451	127.0462556
starb	773	경기	하남시청	경기도 하남시 대청로 36 (신장동)	-	37.5404656	127.2161567
starb	775	경기	의정부중앙	경기도 의정부시 행복로 7 (의정부동)	-	37.7395595	127.0481402
starb	777	경기	판교H스퀘어	경기도 성남시 분당구 판교역로 231, 에이치스퀘어 (삼평동)	-	37.4012318	127.108642
starb	779	경기	뉴코아야탑	경기도 성남시 분당구 야탑로81번길 11, 뉴코아 야탑점 아울렛 1층 (야탑동)	-	37.4107462	127.1277929
starb	781	경기	판교봇들마을	경기도 성남시 분당구 판교로 372 (삼평동)	-	37.4036425	127.1156491
starb	783	경기	마두역	경기도 고양시 일산동구 중앙로 1191 (장항동)	-	37.6528878	126.7766873
starb	785	경기	판교HIPEX	경기도 성남시 분당구 판교역로 230, 판교 삼환 HIPEX (삼평동)	-	37.3897865	127.1098561
starb	787	경기	야탑글라스	경기도 성남시 분당구 성남대로916번길 11 (야탑동)	-	37.4108267	127.1298464
starb	789	경기	부천상동	경기도 부천시 원미구 상동로 87 (상동)	-	37.5051779	126.7524236
starb	791	경기	판교역로	경기도 성남시 분당구 판교역로 192번길 14 (삼평동)	-	37.3897865	127.1098561
starb	793	경기	웨스턴돔B	경기도 고양시 일산동구 정발산로 24 (장항동)	-	37.6557011	126.7719572
starb	795	경기	일산동구청	경기도 고양시 일산동구 정발산로 이스턴시티 38번지 116,117호	-	37.6593215	126.7790386
starb	797	경기	풍산이마트	경기도 고양시 일산동구 무궁화로 237 (중산동)	-	37.6688149	126.7791456
starb	799	경기	판교역	경기도 성남시 분당구 대왕판교로606번길 58, 판교푸르지오월드마크 1층 (삼평동)	-	37.3964436	127.1117012
starb	801	경기	라페스타광장	경기도 고양시 일산동구 중앙로1275번길 38-9 (장항동)	-	37.659654	126.7701558
starb	803	경기	송내역	경기도 부천시 원미구 부일로 204, 루치올라빌딩 (상동)	-	37.4875993	126.7939075
starb	805	경기	부천플레이도시	경기도 부천시 원미구 조마루로 2 (상동)	-	37.4993929	126.7448116
starb	807	경기	산본동	경기도 군포시 산본로 398, 태주빌딩 2층 우측층 (산본동)	-	37.3613089	126.9388145
starb	809	경기	산본	경기도 군포시 산본로343번길 9, 성진빌딩 1층 (산본동)	-	37.3602697	126.9311704
starb	811	경기	의정부녹양DT	경기도 의정부시 비우로 119 (가능동)	-	37.7567669	127.0331641
starb	813	경기	서현미래에셋	경기도 성남시 분당구 황새울로359번길 11, 미래에셋빌딩 1층 (서현동)	-	37.3879773	127.1232627
starb	815	경기	의정부금오	경기도 의정부시 청사로48번길 7, 대송프라자 (금오동)	-	37.7529829	127.0714139
starb	817	경기	서현N타운	경기도 성남시 분당구 황새울로335번길 5 (서현동)	-	37.3865352	127.1218984
starb	819	경기	산본역	경기도 군포시 번영로 497, 금화프라자 1층 (산본동)	-	37.3436384	126.9315222
starb	821	경기	일산주엽	경기도 고양시 일산서구 중앙로 1420, 1층 (주엽동)	-	37.6698993	126.7626576
starb	823	경기	서현역	경기도 성남시 분당구 서현로210번길 20, 1층 (서현동)	-	37.3858213	127.1240252
starb	825	경기	분당구청	경기도 성남시 분당구 분당로 43 (서현동)	-	37.384038	127.1202529
starb	827	경기	일산후곡	경기도 고양시 일산서구 일산로 541 (일산동)	-	37.6773867	126.7675699
starb	829	경기	서현	경기도 성남시 분당구 황새울로360번길 19 (서현동) 금화빌딩	-	37.3858489	127.1259242
starb	831	경기	수내	경기도 성남시 분당구 황새울로 234, 분당트라팰리스 (수내동)	-	37.3794976	127.1142255
starb	833	경기	수내로	경기도 성남시 분당구 수내로46번길 12 (수내동) 코아빌딩	-	37.3803667	127.1165831
starb	835	경기	수내역	경기도 성남시 분당구 백현로101번길 30, 1-2층 (수내동)	-	37.3774033	127.1128218
starb	837	경기	주엽사거리	경기도 고양시 일산서구 중앙로 1456, 서현프라자 112호 ,113호,114호 (주엽동)	-	37.676687	126.7465048
starb	839	경기	김포풍무DT	경기도 김포시 풍무로 45 (풍무동)	-	37.599827	126.7204152
starb	841	경기	분당정자	경기도 성남시 분당구 성남대로 393, 두산위브파빌리온 1층 (정자동)	-	37.3716379	127.1072061
starb	843	경기	정자상떼뷰	경기도 성남시 분당구 정자일로213번길 18, 201동 101호(정자동, 성원상떼뷰)	-	37.3702317	127.1055903
starb	845	경기	현대킨텍스	경기도 고양시 일산서구 호수로 844, 현대백화점킨텍스점 지하 1층 (대화동)	-	37.6674105	126.7551474
starb	847	경기	정자역	경기도 성남시 분당구 성남대로343번길 12-2 (정자동)	-	37.3667694	127.1067298
starb	849	경기	평내DT	경기도 남양주시 경춘로 1269	-	37.6477605	127.2346938
starb	851	경기	정자	경기도 성남시 분당구 정자일로 166, SPG센터 (정자동)	-	37.3603888	127.1059372
starb	853	경기	김포시청	경기도 김포시 사우중로 35 (사우동)	-	37.6183805	126.7179179
starb	855	경기	대화역	경기도 고양시 일산서구 중앙로 1559, 시티타워 1~2층 (대화동)	-	37.676687	126.7465048
starb	857	경기	일산탄현	경기도 고양시 일산서구 일현로 97-11 (일산위브더제니스스퀘어1동147~151)	-	37.6910715	126.7639044
starb	859	경기	정자아데나	경기도 성남시 분당구 성남대로 275 (정자동)	-	37.3608179	127.1075827
starb	861	경기	킨텍스이마트	경기도 고양시 일산서구 대화동 킨텍스로 171	-	37.6747572	126.7557402
starb	863	경기	평내호평역	경기도 남양주시 늘을1로16번길 25, 성보빌딩 (호평동)	-	37.6544167	127.2415995
starb	865	경기	분당이마트	경기도 성남시 분당구 불정로 134 (정자동)	-	37.3587618	127.1197443
starb	867	경기	미금역	경기도 성남시 분당구 돌마로 43 (금곡동) 메디파크빌딩	-	37.3503161	127.1066551
starb	869	경기	미금역사거리	경기도 성남시 분당구 성남대로 151 (구미동)	-	37.3746488	127.1182617
starb	871	경기	분당서울대병원4	경기도 성남시 분당구 구미로173번길 82, 분당서울대학교병원 신관 4층 (구미동)	-	37.3460792	127.1244109
starb	873	경기	분당서울대병원1	경기도 성남시 분당구 구미로173번길 82, 분당서울대학교병원 신관 1층 (구미동)	-	37.3460792	127.1244109
starb	875	경기	파주운정	경기도 파주시 교하읍 동패리 1758	-	37.7598688	126.7801781
starb	877	경기	수지동천	경기도 용인시 수지구 손곡로	-	37.3360649	127.0967099
starb	879	경기	오리역삼거리	경기도 성남시 분당구 성남대로 45 (구미동)	-	37.3400118	127.1083921
starb	881	경기	오리역	경기도 성남시 분당구 성남대로 32, 1층 (구미동)	-	37.3386287	127.109344
starb	883	경기	양주고읍	경기도 양주시 고읍남로 20 (광사동)	-	37.7932723	127.0809801
starb	885	경기	수지이마트	경기도 용인시 수지구 수지로 203 (신봉동)	-	37.3196884	127.0833256
starb	887	경기	수지풍덕천	경기도 용인시 수지구 수지로296번길 51-11, 비즈마루빌딩 1층 101호 (풍덕천동)	-	37.322169	127.0952655
starb	889	경기	죽전	경기도 용인시 수지구 현암로 140 (죽전동)	-	37.3314728	127.1247525
starb	891	경기	죽전CGV	경기도 용인시 수지구 포은대로 536, (주)신세계백화점경기점 8층 (죽전동)	-	37.3249213	127.1081315
starb	893	경기	신세계경기	경기도 용인시 수지구 포은대로 536, (주)신세계백화점경기점 4층 (죽전동)	-	37.3249213	127.1081315
starb	895	경기	죽전이마트	경기도 용인시 수지구 포은대로 552, 이마트 죽전점 1층 (죽전동)	-	37.3133529	127.0908014
starb	897	경기	김포운양	경기도 김포시 김포한강11로 288-32	-	37.6152464	126.7156325
starb	899	경기	수지성복DT	경기도 용인시 수지구 성복2로 55 (성복동)	-	37.3173486	127.0657805
starb	901	경기	파주금릉역	경기도 파주시 금릉역로 84, 청원센트럴타워 1층 (금촌동)	-	37.7565888	126.7659881
starb	903	경기	용인보정	경기도 용인시 기흥구 죽전로 20, 죽전누리에뜰상가 (보정동)	-	37.3201439	127.1195436
starb	905	경기	수원성균관대	경기도 수원시 장안구 서부로 2131, 1층 4,5,6호 2층1,2호 (율전동)	-	37.2974847	126.9745043
starb	907	경기	김포장기	경기도 김포시 김포한강4로 117, 홍우프라자 102~105호 (장기동)	-	37.6449392	126.6673746
starb	909	경기	경기광주	경기도 광주시 광주대로 35 (경안동)	-	37.4097851	127.2602128
starb	911	경기	안산중앙	경기도 안산시 단원구 고잔로 102, 스타타워 1층 (고잔동)	-	37.3191108	126.8337949
starb	913	경기	광교이마트	경기도 수원시 영통구 광교로 191(이의동)	-	37.2981742	127.0460589
starb	915	경기	안산중앙역	경기도 안산시 단원구 중앙대로 907 (고잔동)	-	37.3172184	126.8374669
starb	917	경기	안산고잔	경기도 안산시 단원구 당곡로 12 (고잔동)	-	37.3181098	126.8338328
starb	919	경기	광교중앙로	경기도 용인시 수지구 광교마을로 41 (상현동)	-	37.2954306	127.0741059
starb	921	경기	안산한대앞역	경기도 안산시 상록구 광덕1로 379, 한남빌딩 1~2층 (이동)	-	37.307254	126.8482669
starb	923	경기	구성트레이더스	경기도 용인시 기흥구 용구대로 2457 (보정동)	-	37.3040078	127.1046392
starb	925	경기	수원광교	경기도 수원시 영통구 센트럴타운로 85 (이의동) 광교c1호반베르디움	-	37.2594897	127.0466381
starb	927	경기	안산문화광장	경기도 안산시 단원구 광덕대로 154, ,771-4 로데오타운1층 (고잔동)	-	37.3150348	126.8303895
starb	929	경기	안산한양대	경기도 안산시 상록구 성안길 82-3, B동 1층 (사동)	-	37.3008452	126.8382107
starb	931	경기	용인마북DT	경기도 용인시 기흥구 용구대로 2330	-	37.2947324	127.1102926
starb	933	경기	안산트레이더스	경기도 안산시 단원구 중앙대로 397 (신길동)	-	37.3267498	126.780203
starb	935	경기	아주대	경기도 수원시 팔달구 월드컵로 205 (우만동)	-	37.2859552	127.0364022
starb	937	경기	동수원DT	경기도 수원시 팔달구 중부대로 159 (우만동) 유성주유소	-	37.2781099	127.0339496
starb	939	경기	고잔이마트	경기도 안산시 단원구 원포공원1로 46 (초지동) 이마트	-	37.3031255	126.812847
starb	941	경기	시화로데오	경기도 시흥시 중심상가2길 20-5 (정왕동)	-	37.3446291	126.7373932
starb	943	경기	수원매산	경기도 수원시 팔달구 매산로 11 (매산로1가)	-	37.2674137	127.0027248
starb	945	경기	김포이마트	경기도 김포시 김포한강7로 71	-	37.6152464	126.7156325
starb	947	경기	수원인계DT	경기도 수원시 팔달구 인계로94번길 3 (인계동)	-	37.266696	127.027802
starb	949	경기	용인기흥구청	경기도 용인시 기흥구 구갈로 71-18 (신갈동)	-	37.2816781	127.1101464
starb	951	경기	포천송우	경기도 포천시 소흘읍 솔모루로 55, 뉴스토리솔모루빌딩	-	37.8301783	127.1476804
starb	953	경기	수원인계	경기도 수원시 팔달구 권광로 199 (인계동)	-	37.2654988	127.0329044
starb	955	경기	수원시청	경기도 수원시 권선구 효원로 274 (권선동)	-	37.2613294	127.0312407
starb	957	경기	수원IC	DT 경기도 용인시 기흥구 중부대로 56	-	37.267194	127.074899
starb	959	경기	수원이비스	경기도 수원시 팔달구 권광로 132 (인계동)	-	37.2590979	127.0314113
starb	961	경기	파주프리미엄	경기도 파주시 탄현면 필승로 200	-	37.7696173	126.696253
starb	963	경기	강남대	경기도 용인시 기흥구 강남로 3, 강남&플러스 1층 (구갈동)	-	37.276073	127.1332126
starb	965	경기	수원이마트	경기도 수원시 권선구 경수대로 270 (권선동)	-	37.2503146	127.0208435
starb	967	경기	수원영통	경기도 수원시 영통구 봉영로 1617, 훼미리타워 1층 (영통동)	-	37.2542932	127.073461
starb	969	경기	수원트레이더스	경기도 수원시 영통구 덕영대로	-	37.2457653	127.0648322
starb	971	경기	수원망포DT	경기도 수원시 영통구 덕영대로 1469 (망포동) GS칼텍스삼신주유소	-	37.2458277	127.05134
starb	973	경기	수원망포역	경기도 수원시 영통구 영통로 195 (망포동)	-	37.2479089	127.0616649
starb	975	경기	경희대국제캠퍼스	경기도 수원시 영통구 덕영대로 1695 (영통동)	-	37.2479379	127.0767505
starb	977	경기	신영통DT	경기도 화성시 영통로 43 (반월동)	-	37.2343091	127.063002
starb	979	경기	동탄이마트	경기도 화성시 동탄중앙로 376, 동탄이마트 1층 (석우동)	-	37.2027981	127.0717703
starb	981	경기	동탄센트럴파크	경기도 화성시 동탄지성로 104 센트럴파티오	-	37.2202039	127.0562195
starb	983	경기	동탄광장	경기도 화성시 동탄지성로 17, 풍성위버폴리스 상가 (반송동)	-	37.2202039	127.0562195
starb	985	경기	동탄	경기도 화성시 메타폴리스로 54, 동탄파라곤2상가 (반송동)	-	37.2016825	127.071463
starb	987	경기	캠프케이시	경기도 동두천시 싸리말로 미2사단 캠프케이시 PX Mall	-	37.9179091	127.0642171
starb	989	경기	용인처인구청	경기도 용인시 처인구 금령로 60 (김량장동)	-	37.2347199	127.2029288
starb	991	경기	오산시청	경기도 오산시 성호대로 61	-	37.1492245	127.0687291
starb	993	경기	오산IC	DT 경기도 오산시 원동로 74(원동)	-	37.1423417	127.0768558
starb	995	경기	마장휴게소	경기도 이천시 중부대로 중부고속도로 82	-	37.2808933	127.4910548
starb	997	경기	이천터미널	경기도 이천시 중리천로 84 (중리동)	-	37.2781818	127.4463657
starb	999	경기	오산AB	경기도 오산시 오산로	-	37.1393116	127.0737052
starb	1001	경기	평택송탄	경기도 평택시 관광특구로 38 (서정동)	-	37.0663878	127.0629384
starb	1003	경기	이천하이닉스	경기도 이천시 부발읍 경충대로 2100, 외 101호,102호,201호	-	37.246034	127.5000045
starb	1005	경기	평택AK플라자	경기도 평택시 평택로 51 (평택동) 평택역	-	36.9918456	127.0836477
starb	1007	경기	평택로데오	경기도 평택시 중앙2로 13 (평택동)	-	36.9919212	127.0885538
starb	1009	경기	여주프리미엄	경기도 여주군 명품로 360 (여주읍) 여주프리미엄아울렛	-	37.2413127	127.6125556
starb	1011	경기	여주프리미엄입구	경기도 여주군 명품로 360 (여주읍) 여주프리미엄아울렛	-	37.2413127	127.6125556
starb	1013	경기	안성중앙로	경기도 안성시 중앙로 395, 1층 1~2층 (대천동)	-	37.0113298	127.2652905
starb	1015	경기	평택험프리	경기도 평택시 안정순환로 미군부대내 1층 쇼핑몰	-	36.9590775	127.0470227
starb	1017	인천	인천계양	인천광역시 계양구 장제로 808 (계산동)	-	37.5398071	126.7349905
starb	1019	인천	인천갈산DT	인천광역시 부평구 장제로 371 (갈산동)	-	37.5017325	126.7316901
starb	1021	인천	인천삼산	인천광역시 부평구 길주로 643 (삼산동)	-	37.5078008	126.7149077
starb	1023	인천	부평이마트	인천광역시 부평구 주부토로 241, 부평이마트 (갈산동)	-	37.5113278	126.726473
starb	1025	인천	인천작전	인천광역시 계양구 계양대로 37, 1층 (작전동)	-	37.5270599	126.7219817
starb	1027	인천	부평로데오	인천광역시 부평구 시장로 21, 1-2층 (부평동)	-	37.4930907	126.7250916
starb	1029	인천	부평시장역	인천광역시 부평구 부평대로 60, 현대해상화재보험 1층 (부평동)	-	37.5025841	126.7216472
starb	1031	인천	부평	인천광역시 부평구 경원대로 1397 (부평동)	-	37.4915109	126.7244796
starb	1033	인천	부평사거리	인천광역시 부평구 부평문화로 52, 1~2층 (부평동)	-	37.4935393	126.7185519
starb	1035	인천	부평역	인천광역시 부평구 경원대로 1377, 1-4층 (부평동)	-	37.4914304	126.7222001
starb	1037	인천	부평GM	인천광역시 부평구 부평대로 233 (청천동)	-	37.5116906	126.7151191
starb	1039	인천	동암역	인천광역시 부평구 동암광장로 14, 1~2층 (십정동)	-	37.4715146	126.7022009
starb	1041	인천	인천서구청DT	인천광역시 서구 서곶로 277 (심곡동) 연희주유소 (SK에너지)	-	37.5423196	126.6763459
starb	1043	인천	구월삼성화재	인천광역시 남동구 남동대로 773, , 14 삼성화재 인천사옥 (구월동)	-	37.4247641	126.7031818
starb	1045	인천	인천당하DT	인천광역시 서구 원당대로 668 (당하동)	-	37.5932686	126.6755028
starb	1047	인천	인천예술회관역	인천광역시 남동구 예술로 174 (구월동) 흥국생명	-	37.4494514	126.7014439
starb	1049	인천	인천구월	인천광역시 남동구 예술로 138 (구월동)	-	37.4462001	126.7009972
starb	1051	인천	구월로데오	인천광역시 남동구 인하로507번길 497-22, 2층(구월동)	-	37.445786	126.7031026
starb	1053	인천	신세계인천2층	인천광역시 남구 연남로 35 (관교동) 신세계백화점	-	37.440941	126.701426
starb	1055	인천	신세계인천	인천광역시 남구 연남로 35, 신세계백화점 지하 1층 (관교동)	-	37.440941	126.701426
starb	1057	인천	주안역	인천광역시 남구 주안로 100, 1-2층 (주안동)	-	37.4637394	126.6808173
starb	1059	인천	인천논현	인천광역시 남동구 논고개로 93, 111,112, 206, 207호 (논현동)	-	37.417909	126.7290262
starb	1061	인천	인천청라타워돔	인천시 서구 중봉대로 612번길 10-17	-	37.533316	126.6519963
starb	1063	인천	인천청라	인천광역시 서구 중봉대로 586번길 19	-	37.5309639	126.6515589
starb	1065	인천	송림트레이더스	인천광역시 동구 봉수대로 82, 이마트 트레이더스송림점1층 (송림동)	-	37.4812568	126.6564477
starb	1067	인천	인하대	인천광역시 남구 인하로 59 (용현동)	-	37.4518122	126.6549772
starb	1069	인천	연수이마트	인천광역시 연수구 경원대로 184 (동춘동)	-	37.4041584	126.681106
starb	1071	인천	송도	인천광역시 연수구 컨벤시아대로 50 (송도동)	-	37.3979448	126.6513925
starb	1073	인천	송도센트럴파크	인천광역시 연수구 센트럴로 194 (송도동)	-	37.3946302	126.6407177
starb	1075	인천	송도커낼워크	인천광역시 연수구 아트센터대로 131 (송도동)	-	37.3993232	126.6369138
starb	1077	인천	인천공항출국	인천광역시 중구 공항로 271 (운서동) 인천국제공항역 3층 FB P5 26	-	37.4475485	126.4580914
starb	1079	인천	인천공항랜드	인천광역시 중구 공항로 272 (운서동) 인천공항	-	37.4848155	126.4396163
starb	1081	인천	인천공항입국	인천광역시 중구 공항로 271 (운서동) 인천국제공항역 FB-P3-80	-	37.4475485	126.4580914
everyday	1	서울	가락동	서울특별시 송파구 중대로9길 35 (가락동)	02-848-3651	37.4962591	127.1182935
everyday	2	서울	가양동	서울특별시 강서구 허준로 121  (가양동)	02-2659-8376, 7	37.5662269	126.8539397
everyday	3	서울	개봉동	서울특별시 구로구 개봉로17길 30-8 (개봉동)	02-2684-2013, 4	37.4919223	126.8542076
everyday	4	서울	개포동	서울특별시 강남구 개포로 623 (개포동)	02-3413-5800~1	37.493935	127.0796226
everyday	5	서울	공릉동	서울특별시 노원구 노원로1길 67  (공릉동)	02-948-6767	37.621020	127.083464
everyday	6	서울	광운대역	서울특별시 노원구 월계동 383-21(월계동)	02-919-9242	37.623005	127.059752
everyday	7	서울	광장	서울특별시 광진구 아차산로 599 (광장동)	02-452-3735	37.546929	127.104899
everyday	8	서울	구로	서울특별시 구로구 구일로 8길 85(구로동)	02-859-7942	37.4969427	126.8749042
everyday	9	서울	남부터미널	서울특별시 서초구 효령로68길 74  (서초동)	02-3473-2092,3	37.4856485	127.0207349
everyday	10	서울	내곡	서울특별시 서초구 신원동 205-1 내곡드림시티 상가 1층(신원동)	02-2135-8006	37.4473228	127.0562504
everyday	11	서울	답십리	서울특별시 동대문구 고미술로 49  (답십리동)	02-2246-7292	37.5673732	127.0533104
everyday	12	서울	대방동	서울특별시 동작구 상도로 81  (대방동)	02-841-3651	37.4999085	126.9295462
everyday	13	서울	도봉	서울특별시 도봉구 도봉로180길 31  (도봉동)	02-955-7313(7325)	37.6833798	127.0485604
everyday	14	서울	면목동	서울특별시 중랑구 면목로39길 11  (면목동)	02-432-3100	37.5795675	127.0863113
everyday	15	서울	명일동	서울특별시 강동구 고덕로 210  (명일동)	02-3426-6155, 1142	37.5521991	127.1484932
everyday	16	서울	목동	서울특별시 양천구 목동서로 130 (목동)	02-2646-4331, 2	37.5319108	126.8717678
everyday	17	서울	목동중앙	서울특별시 양천구 목동908-34 부영 그린타운 3차 1층	02-2062-8683,4	37.5367034	126.8821186
everyday	18	서울	무지개	서울특별시 서초구 효령로 401 (서초동)	02-3473-2140	37.488905	127.027826
everyday	19	서울	미아동	서울특별시 강북구 도봉로 157  (미아동)	02-3281-3651	37.622931	127.027185
everyday	20	서울	방배효령	서울특별시 서초구 서초동 1491-7 (서초동)	02-6959-0117	37.483831	127.003785
everyday	21	서울	번동	서울특별시 강북구 오현로32길 18  (번동)	02-985-9500	37.628210	127.040269
everyday	22	서울	봉천동	서울특별시 관악구 은천로 51  (봉천동)	02-3285-3651	37.4862512	126.9412192
everyday	23	서울	사당동	서울특별시 동작구 동작대로29길 110  (사당동, 신동아아파트)	02-596-9584, 5	37.4897954	126.9760224
everyday	24	서울	삼성동	서울특별시 강남구 봉은사로 502  (삼성동)	02-2293-3651	37.5128471	127.0538401
everyday	25	서울	상계	서울특별시 노원구 동일로 1608 (상계동)	02-951-5930	37.6719523	127.056317
everyday	26	서울	상도동	서울특별시 동작구 상도로31길 19  (상도동, 브라운스톤상도아파트)	02-823-3651	37.5059333	126.9439079
everyday	27	서울	서초동	서울특별시 서초구 서운로 216  (서초동)	02-534-3651	37.5023398	127.0218572
everyday	28	서울	성북동	서울특별시 성북구 성북로 122  (성북동)	02-3672-0226, 7	37.5939579	126.9961174
everyday	29	서울	세곡	강남구 헌릉로 569번길 강남리더스프라자 1층(세곡동)	02)2226-1245	37.5172363	127.0473248
everyday	30	서울	신내	서울특별시 중랑구 신내동 255-1 (신내동)	02-6959-0106	37.619251	127.1065384
everyday	31	서울	쌍문동	서울특별시 도봉구 삼양로 610  (쌍문동)	02-874-3651	37.6574006	127.0138958
everyday	32	서울	암사동	서울특별시 강동구 고덕로 99  (암사동)	02-2296-3651	37.5549069	127.1362368
everyday	33	서울	양재	서울특별시 서초구 동산로2길 11  (양재동)	02-2058-1016	37.4692754	127.0419349
everyday	34	서울	올림픽	서울특별시 송파구 양재대로 1222  (방이동)	02-408-1500	37.515600	127.132897
everyday	35	서울	우면	서울특별시 서초구 태봉로 60, 1층 (우면동728, 황금빌딩)	02-577-0100	37.468158	127.0286592
everyday	36	서울	중계동	서울특별시 노원구 중계로12길 39 (이연아마빌레 1층)	02-951-1641~2	37.6466732	127.0826036
everyday	37	서울	중곡동	서울특별시 광진구 긴고랑로11길 11  (중곡동)	02-463-1903	37.5638702	127.081286
everyday	38	서울	창동	서울특별시 도봉구 도봉로104길 53 (창동)	02-903-0900	37.6433843	127.0350381
everyday	39	서울	화곡동	서울특별시 강서구 화곡로 274  (화곡동)	02-2281-3651	37.5487921	126.8474687
everyday	40	서울	흑석동	서울특별시 동작구 서달로 158  (흑석동)	02-814-9320	37.5071231	126.9622493
everyday	41	경기	가운	경기도 남양주시 경춘로 360 (가운동)	031-556-5200	37.6046366	127.1545393
everyday	42	경기	건건	경기도 안산시 상록구 건건로 58 (건건동)	031-218-6311	37.3062291	126.9034666
everyday	43	경기	걸포동	경기도 김포시 걸포2로 9 (걸포동)	031–983-9854	37.632083	126.7058662
everyday	44	경기	고양동	경기도 고양시 덕양구 혜음로 22 (고양동)	031-963-5005,5883	37.7023441	126.9020143
everyday	45	경기	고양삼송	경기도 고양시 덕양구 신원동64-10번지 101호	02) 381-9810~1	37.664781	126.890954
everyday	46	경기	고양삼송2	경기도 고양시 덕양구 삼송로 94-14 (삼송동)	02-389-7438	37.650438	126.884380
everyday	47	경기	고읍동	경기도 양주시 고덕로 342 (고읍동)	031-848-0848	37.802575	127.078526
everyday	48	경기	고촌	경기도 김포시 고촌읍 장차로13번길 25 (신곡리)	031-985-1611/1711	37.6036899	126.7692353
everyday	49	경기	고촌2	경기도 김포시 고촌읍 수기로 56 (신곡리)	031-996-4270,2	37.598152	126.7654067
everyday	50	경기	관산동	경기도 고양시 덕양구 통일로768번길 49 (관산동)	031–969-9690	37.689945	126.8654389
everyday	51	경기	광교	경기도 수원시 영통구 센트럴타운로 15  (이의동, 아이플렉스)	031) 216-5386~7	37.2594897	127.0466381
everyday	52	경기	광릉	경기도 남양주시 진접읍 광릉내로 107 (팔야리)	031-527-5253	37.7466224	127.2056315
everyday	53	경기	광사동	경기도 양주시 고읍남로 23 메가시티프라자 1층 (광사동)	031-848-1330	37.7932723	127.0809801
everyday	54	경기	광적	경기도 양주시 광적면 가래비11길 17 (가납리)	031–879-4005	37.8246613	126.9827831
everyday	55	경기	광주양벌	경기도 광주시 오포읍 마루들길 223 (양벌리)	031-768-0330	37.3780065	127.2564511
everyday	56	경기	광탄	경기도 파주시 광탄면 큰여울길 44  (신산리)	031-947-1923	37.7802695	126.8487073
everyday	57	경기	구갈동	경기도 용인시 기흥구 구갈로28번길 21-21  (구갈동)	031-283-8891~2	37.2787847	127.1125383
everyday	58	경기	궁내	경기도 성남시 분당구 대왕판교로 272 (궁내동)	031-716-1622	37.3677848	127.1021952
everyday	59	경기	금곡	경기도 남양주시 경춘로 997 (금곡동)	031-593-3337	37.635024	127.212332
everyday	60	경기	금촌	경기도 파주시 후곡로 14 (금촌동)	031 945-5545	37.7562164	126.7729757
everyday	61	경기	기산	경기도 화성시 동탄지성로 315 (기산동)	031)222-4966	37.2215819	127.0506555
everyday	62	경기	기흥	경기도 용인시 기흥구 이현로29번길 72(보정동)	031) 266-2589	37.3019773	127.0988947
everyday	63	경기	김포양곡	경기도 김포시 김포한강8로 161(마산동)	031-997-2791	37.6431825	126.6344209
everyday	64	경기	김포한강	경기도 김포시 운양동 550번지(운양동)	031-996-8308~9	37.6538759	126.6827846
everyday	65	경기	남양주도곡	경기도 남양주시 와부읍 덕소로 230-52(도곡리)	031-521-6941,2	37.5771043	127.2197047
everyday	66	경기	녹양동	경기도 의정부시 비우로 57  (녹양동)	031-877-9941	37.7582932	127.0333908
everyday	67	경기	능동	경기도 화성시 동탄숲속로 63-1  (능동)	031-613-7214	37.2087155	127.053845
everyday	68	경기	당동점	경기도 군포시 군포로 502  (당동)	031-451-5200	37.3509452	126.9451642
everyday	69	경기	덕소	경기도 남양주시 와부읍 수레로1번길 4 (덕소리)	031-577-6400	37.5870649	127.212721
everyday	70	경기	덕정2호	경기도 양주시 화합로 1327번길 49 (덕정동)	031-868-8225	37.8371855	127.0650222
everyday	71	경기	덕정동	경기도 양주시 회정로 126 (덕정동)	031-858-0962	37.847230	127.064961
everyday	72	경기	마북동	경기도 용인시 기흥구 구교동로 172  (마북동)	031–283-2832	37.3038231	127.1225587
everyday	73	경기	망포	경기도 수원시 영통구 154번길 60 (망포동)	031) 273-7476~7	37.241398	127.059108
everyday	74	경기	매탄동	경기도 수원시 영통구 인계로 219  (매탄동)	031-212-2587	37.265164	127.0438188
everyday	75	경기	문산	경기도 파주시 문산읍 문향로39번길 8 (문산리)	031-953-9533	37.8556058	126.7850569
everyday	76	경기	민락	경기도 의정부시 승지로 29(민락동)	031-852-3473	37.7374893	127.0923872
everyday	77	경기	백석	경기도 양주시 백석읍 양주산성로 567  (복지리)	031–879-8799	37.7867262	126.9907157
everyday	78	경기	법원	경기도 파주시 법원읍 술이홀로 899 (법원리)	031-958-9585	37.851422	126.8745691
everyday	79	경기	별내	경기도 남양주시 두물로27번길 37 (별내동)	031-574-9912,3	37.6360028	127.2165279
everyday	80	경기	병점	경기도 화성시 병점1로 66-10  (병점동)	031-234-7423	37.2023586	127.0414383
everyday	81	경기	보라	경기도 용인시 기흥구 사은로 130  (보라동)	031-275-0051,2	37.255224	127.1286949
everyday	82	경기	보정	경기도 용인시 기흥구 죽현로 8-20 (보정동)	031-889-7722	37.3198245	127.1096539
everyday	83	경기	본오동	경기도 안산시 상록구 본이로 46  (본오동)	031-416-8338	37.2946707	126.8718864
everyday	84	경기	봉담2호	경기도 화성시 봉담읍 와우로 73번길6 (와우리)	031-222-8812,8869	37.2140003	126.9740551
everyday	85	경기	봉일천	경기도 파주시 조리읍 고봉로 1026 (봉일천리)	031–944-8999	37.7423923	126.8080795
everyday	86	경기	분당정자	경기도 성남시 분당구 정자일로 242  (정자동)	031-786-1756	37.371952	127.106302
everyday	87	경기	분당정자2호	경기도 성남시 분당구 정자일로 120  (정자동, 삼성아데나루체아파트)	031-786-1171~2	37.361220	127.106226
everyday	88	경기	비산동	경기도 안양시 동안구 학의로 20  (비산동, 관악청구아파트)	031-382-1508, 9	37.3947889	126.9432242
everyday	89	경기	삼숭2호	경기도 양주시 삼숭로58번길 53  (삼숭동)	031-848-8020	37.8039089	127.1069622
everyday	90	경기	삼숭동	경기도 양주시 삼숭로38번길 29  (삼숭동)	031-842-7880	37.797526	127.1029126
everyday	91	경기	상현동	경기도 용인시 수지구 만현로 100  (상현동)	031-261-1400	37.3079567	127.0846593
everyday	92	경기	서천	경기도 용인시 기흥구 서천로127번길 8 (서천동)	031-273-7481	37.2801554	127.114659
everyday	93	경기	서판교	경기도 성남시 분당구 판교동 620 (판교동)	031-724-4933	37.3908894	127.0967915
everyday	94	경기	석수	경기도 안양시 만안구 연현로 103 (석수동)	031)473-9945	37.4315998	126.9018098
everyday	95	경기	성대	경기도 수원시 장안구 율전로 82 (율전동)	031-291-6348	37.2964942	126.9682302
everyday	96	경기	성대역	경기도 수원시 하률로 8 (천천동)	031-269-0500	37.3027249	126.9740106
everyday	97	경기	송산	경기도 화성시 화산중앙로 28  (송산동)	031-223-9466	37.206837	127.0139871
everyday	98	경기	송우	경기도 포천시 소흘읍 송우로 87 (송우리)	031-544-4512	37.8310894	127.1390834
everyday	99	경기	신곡	경기도 의정부시 시민로333번길14(신곡동)	031-844-0377	37.737199	127.071904
everyday	100	경기	신길	경기도 안산시 단원구 새뿔길 22-1  (신길동)	031-218-6315	37.336745	126.773722
everyday	101	경기	신동	경기도 수원시 영통구 권선로 908번길 57(신동)	031-273-8985	37.2521828	127.041861
everyday	102	경기	신동백	경기도 용인시 기흥구 중동 1110-7 (중동)	031-548-0744	37.2649393	127.1626385
everyday	103	경기	신봉2호	경기도 용인시 수지구 신봉3로7번길 3  (신봉동)	031-263-6611	37.3264919	127.0657722
everyday	104	경기	신영통	경기도 화성시 영통로 75  (반월동)	031-202-9923~4	37.2360871	127.0602977
everyday	105	경기	신읍동	경기도 포천시 호병로1길 3  (신읍동)	031-536-8444	37.8954602	127.1950923
everyday	106	경기	영북	경기도 포천시 영북면 영북로 178 (운천리)	031-532-5327	38.0900086	127.2750127
everyday	107	경기	오포	경기도 광주시 오포읍 신현로 12-52 (신현리)	031) 719-7338~9	37.3575353	127.1471543
everyday	108	경기	용현동	경기도 의정부시 오목로35번길 20  (용현동)	031-840-2100	37.7342341	127.0863494
everyday	109	경기	용호	경기도 군포시 용호1로 24  (당동)	031-218-6312	37.3449004	126.9384647
everyday	110	경기	월피동	경기도 안산시 상록구 광덕산2로 28  (월피동)	031-484-8822	37.3350251	126.8456604
everyday	111	경기	위시티	경기도 고양시 일산동구 동국로 28-6  (식사동)	031-962-9624	37.676194	126.808337
everyday	112	경기	율전	경기도 수원시 장안구 덕영대로 439번길 74 (율전동)	031-269-8380	37.304206	126.971537
everyday	113	경기	의정부장암	경기도 의정부시 장암동 20-14번지(장암동)	031-879-9501,2	37.7263641	127.0533957
everyday	114	경기	이매동	경기도 성남시 분당구 양현로94번길 29  (이매동, 이매촌청구아파트)	031-703-0074, 5	37.3921323	127.1269388
everyday	115	경기	이천	경기도 이천시 중리천로 18  (중리동)	031-638-0017	37.2800741	127.4398609
everyday	116	경기	인계동	경기도 수원시 팔달구 장다리로306번길 29  (인계동)	031-223-3701, 2	37.2743713	127.0319565
everyday	117	경기	일산2호	경기도 고양시 일산서구 일청로 46  (일산동)	031-975-5989	37.6876497	126.7728127
everyday	118	경기	일산동	경기도 고양시 일산서구 원일로 69  (일산동)	031-975-8400, 8407	37.6869335	126.7701341
everyday	119	경기	장기동	경기도 김포시 김포한강1로51번길 34  (장기동)	031-984-3652	37.6441585	126.6667393
everyday	120	경기	장현	경기도 시흥시 새재로17번길 3  (장현동)	031-315-8364~5	37.3809946	126.8017564
everyday	121	경기	적성	경기도 파주시 적성면 청송로 1051 (구읍리)	031-958-3887	37.9560936	126.9212718
everyday	122	경기	죽전	경기도 용인시 수지구 대지로3번길 51 (죽전동)	031-896-9640	37.3309162	127.1120846
everyday	123	경기	중산	경기도 고양시 일산동구 중산로 241  (중산동)	031-976-0027	37.6936534	126.7801314
everyday	124	경기	탄현동	경기도 고양시 일산서구 탄현로 117  (탄현동)	031-915-4915	37.7016494	126.7671047
everyday	125	경기	탄현역	경기도 고양시 일산서구 일현로 97-11  (탄현동, 일산 위브더제니스)	031-924-7080~1	37.695201	126.762315
everyday	126	경기	통일동산	경기도 파주시 탄현면 사슴벌레로73번길 51 (법흥리)	031–957-6957	37.7803667	126.698028
everyday	127	경기	통진	경기도 김포시 통진읍 김포대로 2244 (마송리)	031-981-1700	37.6904782	126.5974177
everyday	128	경기	파주	경기도 파주시 파주읍 우계로 17  (파주리)	031-954-3655	37.8292854	126.8140371
everyday	129	경기	판교동	경기도 성남시 분당구 판교로 190-4  (판교동)	031-8016-3652	37.3999969	127.0962417
everyday	130	경기	팜스프링	경기도 파주시 시청로 190  (아동동)	031-948-9489	37.770651	126.7779856
everyday	131	경기	평내	경기도 남양주시 경춘로1308번길 10  (평내동)	031-591-6411,2	37.6504566	127.2388886
everyday	132	경기	포곡동	경기도 용인시 처인구 포곡읍 포곡로 91 (둔전리)	031-321-6883/4	37.2687199	127.2157262
everyday	133	경기	풍동	경기도 고양시 일산동구 숲속마을로 18 (풍동)	031-905-8765	37.6672046	126.8014202
everyday	134	경기	풍무2호	경기도 김포시 풍무로 64  (풍무동)	031-986-1621~2	37.6053777	126.7229124
everyday	135	경기	풍무동	경기도 김포시 유현로 52  (풍무동)	031-904-1234	37.5967827	126.7277712
everyday	136	경기	하안동	경기도 광명시 하안로288번길 15  (하안동)	02-894-3542, 3	37.4622082	126.8813299
everyday	137	경기	행신동	경기도 고양시 덕양구 무원로 63 (행신동)	031-978-2200, 2294	37.6182483	126.8305245
everyday	138	인천	검암	인천광역시 서구 승학로 502 (검암동)	032-567-0700	37.565042	126.6754447
everyday	139	인천	경서	인천시 서구 푸른로7번안길 4 (경서동)	032-568-3541(~2)	37.5454212	126.6759723
everyday	140	인천	귤현	인천광역시 계양구 형제봉길 77 (귤현동)	032-546-5517	37.568976	126.7498966
everyday	141	인천	동양	인천광역시 계양구 당미길 23  (동양동)	032-555-8989	37.5612018	126.7579053
everyday	142	인천	마전	인천광역시 서구 서곶로 884 (마전동)	032-565-0093	37.5957674	126.6759307
everyday	143	인천	불로	인천광역시 서구 검단로 779(불로동)	032-569-2131	37.6146954	126.6859781
everyday	144	인천	서창2	인천광역시 남동구 서창순환로 215번길 20 (서창동)	032-472-4153~4	37.4469893	126.7319416
everyday	145	인천	서창동	인천광역시 남동구 독곡로 51  (서창동)	032-465-5100~1	37.4344531	126.7495975
everyday	146	인천	송도동	인천광역시 연수구 하모니로36번길 15  (송도동)	032-834-3683	37.3922236	126.6500755
everyday	147	인천	심곡	인천광역시 서구 심곡로 57  (심곡동)	032-569-7655	37.5423468	126.6760421
everyday	148	인천	연수	인천광역시 연수구 용담로 11  (청학동)	032-810-5000	37.422474	126.6698737
everyday	149	인천	작전동	인천광역시 계양구 효서로 348-1  (작전동)	032)544-2100	37.5275099	126.7349878
everyday	150	인천	청라	인천광역시 서구 청라커낼로 163  (경서동, 청라29블럭호반베르디움)	032)569-2583	37.528894	126.6458632
everyday	151	인천	청천동	인천광역시 부평구 원길로21번길 7  (청천동)	032 -508 - 8335	37.5053752	126.7140251
everyday	152	인천	호구포	인천광역시 남동구 호구포로 218(논현동)	032-429-8692~3	37.4184349	126.7116593
withme	1	서울	행복드림점	서울특별시 도봉구 도봉로 879	-	37.6829423	127.0455911
withme	2	서울	신월으뜸점	서울특별시 양천구 신월로15길 26	-	37.5205681	126.8413848
withme	3	서울	미아햇빛점	서울특별시 강북구 도봉로10길 65 1F	-	37.6145479	127.0308413
withme	4	서울	불광역점	서울특별시 은평구 통일로65길 11	-	37.6088926	126.9296872
withme	5	서울	상도마을점	서울특별시 동작구 상도로15마길 10 1F 101호	-	37.5051517	126.9330596
withme	6	서울	장안메트로점	서울특별시 동대문구 장한로5길 75	-	37.5659017	127.0625544
withme	7	서울	종로마루점	서울특별시 종로구 난계로27길 44-7	-	37.5731976	127.0205214
withme	8	서울	홍제문화점	서울특별시 서대문구 문화촌길 6-25	-	37.5933218	126.948927
withme	9	서울	송파거여점	서울특별시 송파구 성내천로18길 1	-	37.4988125	127.1429961
withme	10	서울	성북정릉점	서울특별시 성북구 솔샘로6길 46 1F 1호	-	37.6093665	127.0066862
withme	11	서울	보문점	서울특별시 성북구 인촌로2길 37 보문남광하우스토리 1F 110호	-	37.5837028	127.0208692
withme	12	서울	방배경찰서점	서울특별시 서초구 방배천로 62	-	37.482157	126.982856
withme	13	서울	홍은프라임점	서울특별시 서대문구 통일로 530 홍은동아더프라임 지하 2층 209호	-	37.595264	126.940678
withme	14	서울	성수뚝도점	서울특별시 성동구 성덕정11길 20-1	-	37.5389984	127.0534147
withme	15	서울	이마트월계점	서울특별시 노원구 마들로3길 15	-	37.62644	127.0619091
withme	16	서울	면목샘터점	서울특별시 중랑구 면목로21길 9	-	37.5723878	127.0832564
withme	17	서울	광진중곡점	서울특별시 광진구 긴고랑로 25	-	37.5634969	127.0792848
withme	18	서울	신수크리스마스점	서울특별시 마포구 독막로28길 7	-	37.5467393	126.9375486
withme	19	서울	서초양재점	서울특별시 서초구 바우뫼로 183 1F 105호	-	37.4769654	127.0359407
withme	20	서울	마포일진타워점	서울특별시 마포구 마포대로 45	-	37.5404326	126.9463602
withme	21	서울	인헌점	서울특별시 관악구 인헌16길 13	-	37.4699754	126.967259
withme	22	서울	까치고개점	서울특별시 관악구 남부순환로 1964	-	37.4754745	126.9668543
withme	23	서울	대치타운점	서울특별시 강남구 삼성로85길 34	-	37.5046421	127.0545159
withme	24	서울	도산대로점	서울특별시 강남구 도산대로 309	-	37.522413	127.035232
withme	25	서울	광진군자점	서울특별시 광진구 광나루로 355	-	37.5483453	127.0693268
withme	26	서울	연대서문점	서울특별시 서대문구 연희로10길 75	-	37.5639744	126.9332709
withme	27	서울	이태원써니점	서울특별시 용산구 보광로 117	-	37.5331073	126.9942193
withme	28	서울	반포가온점	서울특별시 서초구 사평대로55길 65-11	-	37.506544	127.0210751
withme	29	서울	가리봉점	서울특별시 구로구 디지털로 230	-	37.4803612	126.8914352
withme	30	서울	서일대점	서울특별시 중랑구 용마산로90길 19	-	37.5875924	127.0972337
withme	31	서울	면목중랑점	서울특별시 중랑구 봉우재로 24	-	37.5897157	127.0762104
withme	32	서울	당산휴브리지점	서울특별시 영등포구 버드나루로 116	-	37.528468	126.9082044
withme	33	서울	방학동방점	서울특별시 도봉구 방학로2길 82	-	37.6665265	127.0410305
withme	34	서울	성북삼선점	서울특별시 성북구 동소문로10길 25	-	37.5894523	127.0116531
withme	35	서울	숭실대역점	서울특별시 동작구 상도로62길 10	-	37.4949156	126.9541663
withme	36	서울	강서우장산점	서울특별시 강서구 우장산로 104	-	37.5530469	126.8474847
withme	37	서울	신림동양점	서울특별시 관악구 남부순환로181길 46	-	37.4865779	126.930676
withme	38	서울	창동역점	서울특별시 도봉구 노해로63길 67	-	37.6531585	127.045654
withme	39	서울	청주수곡점	서울특별시 도봉구 노해로63길 67	-	37.6531585	127.045654
withme	40	서울	도림금빛점	서울특별시 영등포구 도림로113길 17	-	37.5087894	126.8979224
withme	41	서울	자양대동점	서울특별시 광진구 뚝섬로31길 15	-	37.536336	127.0682823
withme	42	서울	서소문점	서울특별시 서대문구 충정로6길 59	-	37.5629206	126.9681811
withme	43	서울	신림우정점	서울특별시 관악구 신림동 492-20	-	37.4852028	126.9184862
withme	44	서울	이화사거리점	서울특별시 종로구 대학로 60	-	37.5765152	127.0025487
withme	45	서울	이태원역점	서울특별시 용산구 이태원로 161	-	37.5345004	126.9917973
withme	46	서울	에쓰오일본사점	서울특별시 마포구 백범로 192	-	37.5431932	126.9516036
withme	47	서울	상명대기숙사점	서울특별시 종로구 평창문화로 151	-	37.5729503	126.9793579
withme	48	서울	구로디지털1점	서울특별시 구로구 디지털로32다길 14	-	37.4823929	126.8998027
withme	49	서울	강남도곡점	서울특별시 강남구 남부순환로370길 9	-	37.484905	127.0424794
withme	50	서울	강동프라자점	서울특별시 강동구 천호대로 1238 1F 101호 (둔촌동 프라자상가)	-	37.5359021	127.1480379
withme	51	서울	쌍문역점	서울특별시 도봉구 도봉로 지하 486-1	-	37.6488107	127.034866
withme	52	서울	어반플레이스점	서울특별시 서초구 효령로77길 30	-	37.4916322	127.0290102
withme	53	서울	강남선릉점	서울특별시 강남구 테헤란로 322	-	37.503206	127.0465684
withme	54	서울	남구로점	서울특별시 구로구 도림로 23-1	-	37.4866128	126.8875232
withme	55	서울	메이플카운티점	서울특별시 은평구 진관2로 12 117호	-	37.6339142	126.9212793
withme	56	서울	상봉역점	서울특별시 중랑구 봉화산로30길 99	-	37.5977516	127.0853982
withme	57	서울	고대산학관점	서울특별시 성북구 안암동5가 126-16 고려대학교 산학관 1F	-	37.5841446	127.0244645
withme	58	서울	구로병원사거리점	서울특별시 구로구 구로동로 164	-	37.4933694	126.883482
withme	59	서울	성내으뜸점	서울특별시 강동구 천호대로176길 10-3	-	37.5337913	127.1360606
withme	60	서울	상수역점	서울특별시 마포구 독막로 97	-	37.5479069	126.9243029
withme	61	서울	성내으뜸점	서울특별시 강동구 천호대로176길 10-3 1F	-	37.5396801	127.148898
withme	62	서울	중구라모도점	서울특별시 중구 장충단로 228-2 2F	-	37.5599921	127.0053457
withme	63	서울	합정동마점	서울특별시 마포구 월드컵로1길 21	-	37.5493454	126.9117669
withme	64	서울	센트럴시티2호점	서울특별시 서초구 신반포로 176 지하상가 B306호	-	37.5041437	126.9970518
withme	65	서울	송파대로점	서울특별시 송파구 위례성대로 122 1F	-	37.5106001	127.1287611
withme	66	서울	화곡로점	서울특별시 강서구 곰달래로 185 1F	-	37.5311661	126.8524604
withme	67	서울	중곡제일점	서울특별시 광진구 천호대로125길 14	-	37.5549228	127.0875584
withme	68	서울	가산두산위브점	서울특별시 금천구 가산동 152-30 1F	-	37.4755119	126.8923073
withme	69	서울	오목교역점	서울특별시 양천구 신목로 100-8 1F	-	37.5207536	126.8748113
withme	70	서울	서대문홍은점	서울특별시 서대문구 홍은중앙로 55 1F	-	37.6009329	126.9483277
withme	71	서울	신세계영등포제일점	서울특별시 영등포구 영중로3길 5 1F	-	37.5166322	126.9052595
withme	72	서울	신림팔구팔구점	서울특별시 관악구 신림로67길 11	-	37.4859959	126.9285936
withme	73	서울	한양대역점	서울특별시 성동구 왕십리로 206	-	37.5552593	127.0436579
withme	74	서울	도곡타운점	서울특별시 강남구 남부순환로363길 49 1F	-	37.4879896	127.0371054
withme	75	서울	대학로분스점	서울특별시 종로구 대명길 33 1F	-	37.583045	126.9998939
withme	76	서울	자양한강점	서울특별시 광진구 자양번영로 11 1F	-	37.5345124	127.0755448
withme	77	서울	자양제일점	서울특별시 광진구 동일로4길 21	-	37.5363638	127.0622296
withme	78	서울	강동성내점	서울특별시 강동구 성내동 120-60 1F	-	37.5321532	127.1238316
withme	79	서울	장안대로점	서울특별시 동대문구 장한로 180	-	37.5764089	127.0723819
withme	80	서울	푸르덴셜타워점	서울특별시 강남구 강남대로 298 푸르덴셜타워 지하2층	-	37.5026761	127.0260437
withme	81	서울	은평대조점	서울특별시 은평구 통일로69길 7	-	37.611608	126.9276741
withme	82	서울	역촌점	서울특별시 은평구 역촌동 232 역촌센트레빌상가 104	-	37.6030604	126.9060291
withme	83	서울	은평점	서울특별시 은평구 은평로 123 응암동102호	-	37.5994183	126.9219744
withme	84	서울	서교점	서울특별시 마포구 서교동 484-35 웰빙존1층	-	37.5538819	126.9136951
withme	85	서울	상명대점	서울특별시 종로구 홍지문2길 20 상명대 사범관 1층	-	37.6015579	126.9544986
withme	86	서울	반포터미널점	서울특별시 서초구 신반포로 194 1층	-	37.5054942	127.006719
withme	87	서울	마장금호점	서울특별시 성동구 마조로 55 116호	-	37.5613763	127.0420132
withme	88	서울	동부이촌점	서울특별시 용산구 이촌로65가길 66	-	37.5208661	126.9746635
withme	89	서울	개봉동부점	서울특별시 구로구 개봉로12길 12	-	37.488018	126.8570805
withme	90	서울	문래현대점	서울특별시 영등포구 문래로4길 4 (1층 104호)	-	37.520374	126.8830537
withme	91	서울	미아지웰점	서울특별시 강북구 도봉로76길 42-1	-	37.6332496	127.0261723
withme	92	서울	화곡곰달래점	서울특별시 강서구 곰달래로 220	-	37.5314525	126.8573752
withme	93	서울	화양행운점	서울특별시 광진구 군자로 18	-	37.5448937	127.0713093
withme	94	서울	삼성119점	서울특별시 강남구 봉은사로 478 1층	-	37.5125979	127.0527607
withme	95	서울	서울로봇고점	서울특별시 강남구 광평로10길 15	-	37.4819336	127.082142
withme	96	서울	신정로점	서울특별시 양천구 중앙로 328 (신정1동)	-	37.5253282	126.8505009
withme	97	서울	종로숭인점	서울특별시 종로구 종로58가길 27	-	37.5727236	127.0172378
withme	98	서울	면목제일점	서울특별시 중랑구 면목로56나길 9	-	37.5843935	127.0900419
withme	99	서울	연희제일점	서울특별시 서대문구 연희로11가길 54	-	37.566406	126.9272641
withme	100	서울	청담하나점	서울특별시 강남구 도산대로78길 31 1층 101호	-	37.5221938	127.046354
withme	101	서울	용산점	서울특별시 용산구 한강대로17길 24	-	37.5266571	126.9636226
withme	102	서울	이문웰츠점	서울특별시 동대문구 이문로34길 3 (이문1동)	-	37.5990524	127.0621704
withme	103	서울	당산한양점	서울특별시 영등포구 국회대로38길 18	-	37.525415	126.8986632
withme	104	서울	도봉대로점	서울특별시 도봉구 도봉로 601 (상가동 102호)	-	37.6583968	127.0400754
withme	105	서울	가산GBC점	서울특별시 금천구 가산디지털1로 165 GBC 101호	-	37.4770244	126.8826848
withme	106	서울	남현로점	서울특별시 관악구 남부순환로272길 42 1층 1호	-	37.4746347	126.978357
withme	107	서울	신길타운점	서울특별시 영등포구 경인로114길 14	-	37.5181841	126.9146099
withme	108	서울	사당남사점	서울특별시 동작구 동작대로19길 16 (사당동)	-	37.4834938	126.9808562
withme	109	서울	강서화곡점	서울특별시 강서구 곰달래로 111 (화곡1동)	-	37.5305851	126.8452678
withme	110	서울	가산하이앤드점	서울특별시 금천구 가산디지털1로 233 ,107 (하이엔드타워9차)	-	37.4770244	126.8826848
withme	111	서울	DMC역점	서울특별시 은평구 수색로 202 (증산동 A동 1층 1호)	-	37.5792516	126.9006806
withme	112	서울	디지털큐브점	서울특별시 마포구 상암산로 34 (상암동 디지털큐브지하1층)	-	37.5784516	126.8915392
withme	113	서울	외대이문점	서울특별시 동대문구 외대역동로 106	-	37.5973316	127.0649234
withme	114	서울	청량코아점	서울특별시 동대문구 홍릉로 16 1층	-	37.5817209	127.0449804
withme	115	서울	서초점	서울특별시 서초구 서초3동 1583-10 1층	-	37.4856794	127.0115665
withme	116	서울	염창역점	서울특별시 양천구 공항대로 638 (목동 515-5)	-	37.5466536	126.875658
withme	117	서울	청계천점	서울특별시 종로구 청계천로 35 관정빌딩 (서린동 88)	-	37.5692999	126.9813612
withme	118	서울	본점	서울특별시 성동구 성수동2가 281-4 푸조비즈타워(1층)	-	37.5477688	127.0644474
withme	119	서울	문래에이스점	서울특별시 영등포구 문래동6가 24-1 에이스하이테크시티2	-	37.5191533	126.8859328
withme	120	서울	면목점	서울특별시 중랑구 면목3.8동 23-12 1층 (106-2호)	-	37.5895476	127.0939218
withme	121	서울	길동호가점	서울특별시 강동구 양재대로112길 5 (길동 390-20)	-	37.536893	127.1401707
withme	122	서울	상도국사봉점	서울특별시 동작구 양녕로20길 80 (상도동214-88)	-	37.4957468	126.944592
withme	123	서울	화곡베스트원점	서울특별시 강서구 곰달래로59길 44(화곡동,1층)	-	37.5343196	126.8629695
withme	124	서울	홍대사랑점	서울특별시 마포구 와우산로 83 (서교동)	-	37.5518988	126.9232428
withme	125	서울	현대홈시티점	서울특별시 도봉구 도봉로106길 22 (창동) 현대홈시티 201-105	-	37.6443448	127.0337226
withme	126	서울	한국은행점	서울특별시 중구 남대문로5길 9(북창동)	-	37.5617041	126.9788511
withme	127	서울	풍납점	서울특별시 송파구 강동대로5길 8(101호)	-	37.527457	127.1153707
withme	128	서울	파미에파크점	서울특별시 서초구 사평대로 205 (반포동) BPC 102-8	-	37.5044253	127.0077601
withme	129	서울	파미에파크2호점	서울특별시 서초구 사평대로 205 (1391-3) 1-3	-	37.5044253	127.0077601
withme	130	서울	태릉입구역점	서울특별시 노원구 화랑로 419-11	-	37.6177474	127.0737296
withme	131	서울	코아텔점	서울특별시 서초구 강남대로53길 11 (서초동)	-	37.4939235	127.0278995
withme	132	서울	충무로점	서울특별시 중구 수표로6길 33-2 (충무로3가)	-	37.5629115	126.9923733
withme	133	서울	청담본점	서울특별시 강남구 도산대로57길 24 (청담동)	-	37.5252162	127.0418275
withme	134	서울	천호점	서울특별시 강동구 천호대로157길 9 (천호동)	-	37.5382669	127.1267575
withme	135	서울	창동점	서울특별시 도봉구 창동 덕릉로 276	-	37.6459714	127.050266
withme	136	서울	차병원사거리점	서울특별시 강남구 논현로 562(페트라빌딩1층)	-	37.506073	127.0347996
withme	137	서울	증산점	서울특별시 은평구 증산서길 143 (증산동)	-	37.5875251	126.9113132
withme	138	서울	중림점	서울특별시 중구 청파로 464, 102동 1호(중림동, 브라운스톤)	-	37.5607773	126.9682129
withme	139	서울	중구소공점	서울특별시 중구 소공로 100-1 (소공동)	-	37.5637388	126.9798002
withme	140	서울	종로서린점	서울특별시 종로구 무교로 39 (서린동)	-	37.5694482	126.9791246
withme	141	서울	정동길점	서울특별시 중구 정동길 15 (정동)	-	37.5671451	126.9703007
withme	142	서울	장안홈타운점	서울특별시 동대문구 장한로18길 88 (장안동)	-	37.5679378	127.0738227
withme	143	서울	장안현대점	서울특별시 동대문구 답십리로72길 46 (장안동)	-	37.570136	127.0734332
withme	144	서울	장안점	서울특별시 동대문구 장한로31길 20 (장안동)	-	37.5754557	127.0706854
withme	145	서울	장안엘리시아점	서울특별시 동대문구 장한로27길 11 (장안동)	-	37.572876	127.0710186
withme	146	서울	이대목동병원점	서울특별시 양천구 안양천로 1071 이대목동병원	-	37.5283271	126.8800082
withme	147	서울	응암점	서울특별시 은평구 은평로 123 (응암동)	-	37.6005004	126.9214759
withme	148	서울	은평선일점	서울특별시 은평구 갈현로29길 30 (갈현동)	-	37.6207561	126.91281
withme	149	서울	신당점	서울특별시 중구 난계로 163, 올리브오피스텔 101호 (황학동)	-	37.5668445	127.0234639
withme	150	서울	위드미메사점	서울특별시 중구 메사빌딩	-	37.5640907	126.9979403
withme	151	서울	월계본점	서울특별시 노원구 덕릉로60길 182 (월계동)	-	37.632673	127.0436897
withme	152	서울	올림픽공원북문점	서울특별시 강동구 성내로 18 (성내동) 37, 102호 (태양빌딩)	-	37.5298534	127.1224544
withme	153	서울	온누리약국점	서울특별시 강서구 등촌로 147 (등촌동)	-	37.542835	126.8623921
withme	154	서울	오류역점	서울특별시 구로구 경인로 216(오류동,오복빌딩1	-	37.4961687	126.8448492
withme	155	서울	영등포명화점	서울특별시 영등포구 버드나루로 25 (영등포동2가)	-	37.5210098	126.9120779
withme	156	서울	영등포로터리점	서울특별시 영등포구 경인로 896 (영등포동1가)	-	37.5179991	126.9119384
withme	157	서울	역촌타운점	서울특별시 은평구 연서로3길 8 (역촌동)	-	37.6024167	126.91477
withme	158	서울	역삼스타공원점	서울특별시 강남구 논현로79길 25 지층-102	-	37.4968681	127.0351425
withme	159	서울	여의정우점	서울특별시 영등포구 은행로 29, 정우빌딩 (여의도동)	-	37.5286345	126.9222995
withme	160	서울	양재우성점	서울특별시 서초구 바우뫼로 101(양재동)	-	37.4749563	127.0321745
withme	161	서울	아일렉스점	서울특별시 영등포구 여의대방로 375(아일렉스타워103	-	37.5188585	126.9307631
withme	162	서울	아모스영등포점	서울특별시 영등포구 시흥대로 607, 103(대림동)	-	37.488032	126.9047841
withme	163	서울	쌍문점	서울특별시 도봉구 우이천로34길 13 (쌍문동)	-	37.6496918	127.0231461
withme	164	서울	쌍림한국점	서울특별시 중구 마른내로 136-3 (쌍림동)	-	37.5644058	127.0032468
withme	165	서울	신정역점	서울특별시 양천구 오목로 182, 1층 (신정동)	-	37.5249768	126.8575634
withme	166	서울	신세계영등포점	서울특별시 영등포구 신세계백화점 7층	-	37.5263715	126.8962283
withme	167	서울	신세계본점	서울특별시 중구 소공로63 (16층)	-	37.5609008	126.9809889
withme	168	서울	신림포도몰점	서울특별시 관악구 신림로 330 (신림동)	-	37.4838158	126.9302315
withme	169	서울	신림동부점	서울특별시 관악구 미성3길 17 (신림동)	-	37.4738123	126.9169692
withme	170	서울	신당역점	서울특별시 중구 퇴계로75길 7(흥인동,동대문와이즈캐슬상가107,108호)	-	37.56581	127.0154247
withme	171	서울	숭실대점	서울특별시 동작구 상도동 489-1	-	37.4962248	126.953249
withme	172	서울	수유푸르지오점	서울특별시 강북구 160-3(수유역푸르지오시티1층)	-	37.6275678	127.0403656
withme	173	서울	송파한양점	서울특별시 송파구 가락로 176 (송파동) 경진빌딩 1층	-	37.5042027	127.1145435
withme	174	서울	송파정도점	서울특별시 송파구 도곡로 454	-	37.5056025	127.0785497
withme	175	서울	송파잠실점	서울특별시 송파구 백제고분로7길 3-10(잠실동,1층)	-	37.5098051	127.0819919
withme	176	서울	송파가락점	서울특별시 송파구 동남로3길 9 (가락동)	-	37.4903894	127.1220094
withme	177	서울	센트럴시티점	서울특별시 서초구 반포동 신반포로 176 (반포동 1층 110호)	-	37.5041437	126.9970518
withme	178	서울	세관사거리점	서울특별시 강남구 학동로 305 (논현동)	-	37.515827	127.0360292
withme	179	서울	성수본사점	서울특별시 성동구 뚝섬로 379 (6층 상담실내)	-	37.5399389	127.0531674
withme	180	서울	성수IT점	서울특별시 성동구 성수동 1가 광나루로 130 (성수동1가, 103)	-	37.5492882	127.0476293
withme	181	서울	성북월곡점	서울특별시 성북구 오패산로 16, 1층 코너부분 (하월곡동)	-	37.606886	127.0370461
withme	182	서울	성내동원점	서울특별시 강동구 성안로3길 120(성내동,1층1호,2호)	-	37.5281798	127.1236099
withme	183	서울	선릉청운점	서울특별시 강남구 선릉로578	-	37.5100487	127.0441423
withme	184	서울	선릉에클라트점	서울특별시 강남구 테헤란로63길 12 (삼성동)	-	37.5060621	127.0509138
withme	185	서울	석계역점	서울특별시 성북구 한천로78길 71 (석관동)	-	37.6135144	127.0649496
withme	186	서울	서초중외제약점	서울특별시 서초구 남부순환로 2477 (JW TOWER)	-	37.4831648	127.021223
withme	187	서울	서초중앙점	서울특별시 서초구 서초중앙로 14 (더샵 서초 102동 101호)	-	37.4839571	127.01811
withme	188	서울	양재점	서울특별시 서초구 언남길 79 (양재동)	-	37.4752439	127.0454924
withme	189	서울	서울대입구역점	서울특별시 관악구 남부순환로 1849	-	37.4804439	126.955493
withme	190	서울	서울고속터미널점	서울특별시 서초구 신반포로 194 (반포동) 서울고속버스터미널	-	37.5054942	127.006719
withme	191	서울	서울고속터미널3호점	서울특별시 서초구 신반포로 194(지하1층5	-	37.5054942	127.006719
withme	192	서울	서울고속터미널2호점	서울특별시 서초구 신반포로 194 (반포동) 서울고속버스터미널 영동선 하차장부 BA-1,2	-	37.5054942	127.006719
withme	193	서울	상월곡역점	서울특별시 성북구 화랑로 181 (상월곡동)	-	37.6075941	127.0503262
withme	194	서울	북가좌점	서울특별시 서대문구 응암로2길 16	-	37.5800277	126.9122975
withme	195	서울	보라매공원점	서울특별시 영등포구 여의대방로 89 (신길동)	-	37.4972601	126.9165684
withme	196	서울	번동드림타워점	서울특별시 강북구 도봉로96길 5-11 (번동)	-	37.6410806	127.0298014
withme	197	서울	방화역점	서울특별시 강서구 금낭화로 136 에어뷰21-2오피스텔 (방화동)	-	37.5746758	126.811399
withme	198	서울	방학학마을점	서울특별시 도봉구 도당로 115(1층코너	-	37.6671776	127.0392176
withme	199	서울	방학플러스점	서울특별시 도봉구 도봉로 681 (방학동)	-	37.6652699	127.0425179
withme	200	서울	방배제일점	서울특별시 서초구 동광로3길 70(방배동,1층)	-	37.4940274	126.9845546
withme	201	서울	발산점	서울특별시 강서구 강서로54길 27 (등촌동)	-	37.5591459	126.8400237
withme	202	서울	반포예일점	서울특별시 서초구 서초중앙로33길 20 (반포동)	-	37.5009959	127.0099001
withme	203	서울	반포서래마을점	서울특별시 서초구 서래로5길 96(반포동,1층)	-	37.4975642	126.9953988
withme	204	서울	미아점	서울특별시 강북구 도봉로65길 30 (미아동)	-	37.6296107	127.0229366
withme	205	서울	미아역점	서울특별시 강북구 도봉로54길 6(미아동,1층	-	37.6270294	127.0264461
withme	206	서울	목동공원점	서울특별시 양천구 목동서로 133-2, 107(목동,목동하나프라자)	-	37.5299546	126.8755084
withme	207	서울	명동분스점	서울특별시 중구 명동7길 13 (명동1가)	-	37.5642997	126.9839286
withme	208	서울	메리어트점	서울특별시 서초구 사평대로 205 BP4-10호 (반포동)	-	37.5007789	127.0024953
withme	209	서울	망원제일점	서울특별시 마포구 동교로 63 (망원동)	-	37.5535776	126.9092268
withme	210	서울	마포아크로타워점	서울특별시 마포구 마포대로 89 (도화동)	-	37.5432269	126.9496217
withme	211	서울	마포신수점	서울특별시 마포구 신수로 88(신수동,1층우측)	-	37.549155	126.9351469
withme	212	서울	마포동교점	서울특별시 마포구 신촌로4길 5-18 (동교동)	-	37.5571341	126.92932
withme	213	서울	마포노고산점	서울특별시 마포구 서강로20길 14	-	37.5537282	126.9363018
withme	214	서울	마포구청점	서울특별시 마포구 월드컵로34길 13, 101(상암월드시티101-102호)	-	37.5651479	126.9036013
withme	215	서울	드마리스대치점	서울특별시 강남구 남부순환로 지하 3104(지하1층,	-	37.4966789	127.0717054
withme	216	서울	동대점	서울특별시 중구 동호로 280 (장충동2가)	-	37.5593141	127.0031505
withme	217	서울	동대사랑점	서울특별시 중구 퇴계로44길 8 (필동2가)	-	37.561529	126.9972035
withme	218	서울	동대문신설점	서울특별시 동대문구 왕산로 27 (신설동)	-	37.576838	127.0264286
withme	219	서울	동대문성곽공원점	서울특별시 종로구 종로6가 18-2	-	37.5724616	127.0076947
withme	220	서울	독산점	서울특별시 금천구 남부순환로128길 10 (독산동)	-	37.4797694	126.906824
withme	221	서울	당산데시앙점	서울특별시 영등포구 당산로 203, 101(당산동5가)	-	37.5168169	126.8953947
withme	222	서울	답십리역점	서울특별시 동대문구 천호대로67길 43 (답십리동)	-	37.5705539	127.0516355
withme	223	서울	서호점	서울특별시 동대문구 장한로12길 81	-	37.5644631	127.0720693
withme	224	서울	다산로점	서울특별시 중구 다산로34길 23(신당동,1층)	-	37.561698	127.0161229
withme	225	서울	논현점	서울특별시 강남구 논현동 언주로 728	-	37.5150973	127.0382699
withme	226	서울	논현역점	서울특별시 서초구 신반포로 333 (잠원동)	-	37.5108882	127.0201282
withme	227	서울	논현개나리점	서울특별시 강남구 학동로26길 25 (논현동)	-	37.5117118	127.0301788
withme	228	서울	노원두산점	서울특별시 노원구 동일로241가길 21 (상계동)	-	37.6763909	127.0536319
withme	229	서울	노원공릉점	서울특별시 노원구 공릉로27길 90 (공릉동)	-	37.6248949	127.077709
withme	230	서울	길동으뜸점	서울특별시 강동구 명일로 262 (길동)	-	37.5420834	127.1476667
withme	231	서울	구산대박점	서울특별시 은평구 갈현로17나길 36	-	37.6084633	126.909957
withme	232	서울	구로역점	서울특별시 구로구 새말로 18 (구로동)	-	37.5019189	126.8831398
withme	233	서울	구로대복점	서울특별시 구로구 구로동로28길 93 (구로동)	-	37.4917803	126.8889619
withme	234	서울	교대역점	서울특별시 서초구 서초중앙로 138	-	37.4942069	127.0139398
withme	235	서울	광화문시대점	서울특별시 종로구 사직로8길 42 광화문시대오피스텔 상가 102-2호 (내수동)	-	37.5746878	126.9708635
withme	236	서울	광진코지웰점	서울특별시 광진구 능동로19길 35 코지월 B102호	-	37.5471414	127.071806
withme	237	서울	광운대역점	서울특별시 노원구 석계로 98-1 (월계동)	-	37.6233626	127.06108
withme	238	서울	고척점	서울특별시 구로구 경인로 403 원메디타운에이동1층102호	-	37.4984887	126.8601539
withme	239	서울	경희원룸점	서울특별시 동대문구 이문로 50(휘경동) 101 그린타워101호	-	37.5917282	127.0573547
withme	240	서울	강서미즈메디점	서울특별시 강서구 강서로47나길 24, 103(내발산동)	-	37.5514405	126.8348101
withme	241	서울	강동중앙점	서울특별시 강동구 양재대로 1335 17호	-	37.5436525	127.1407314
withme	242	서울	강동본점	서울특별시 강동구 천호옛길 84 (성내동)	-	37.5361555	127.1256314
withme	243	서울	강남신사점	서울특별시 강남구 563-22 신희빌딩1층	-	37.4970717	127.0648238
withme	244	서울	강남분스점	서울특별시 강남구 강남대로 408 YBM강남센터	-	37.5026761	127.0260437
withme	245	경기	수원매탄우리점	경기도 수원시 영통구 신원로 217	-	37.2552384	127.0600114
withme	246	경기	평택시청점	경기도 평택시 평택5로20번길 39	-	36.99583	127.1053489
withme	247	경기	파주출판도시점	경기도 파주시 신촌동 731-1	-	37.7336091	126.688968
withme	248	경기	파주MH타워점	경기도 파주시 중앙로 328 106호	-	37.7568413	126.7794836
withme	249	경기	분당구미점	경기도 성남시 분당구 미금일로74번길 20	-	37.3475198	127.1117706
withme	250	경기	용인청덕점	경기도 용인시 기흥구 구성로279번길 17	-	37.2911578	127.1423203
withme	251	경기	의정부민락점	경기도 의정부시 승지로19번길 21	-	37.7388346	127.091462
withme	252	경기	평택통복점	경기도 평택시 통복시장2로29번길 5	-	36.9963834	127.0860683
withme	253	경기	수원경기대역점	경기도 수원시 영통구 대학로 56 리치프라자1 1F 101호	-	37.3035297	127.0452024
withme	254	경기	평택용이원룸점	경기도 평택시 현신7길 12 101호	-	36.9992048	127.1465224
withme	255	경기	대화역점	경기도 고양시 일산서구 중앙로 1575 104호	-	37.6748511	126.744879
withme	256	경기	부천송내남부역점	경기도 부천시 소사구 송내대로 36	-	37.486775	126.7537587
withme	257	경기	양주신도점	경기도 양주시 부흥로 1899 신도8차푸른숲아파트 상가동 1층 102호	-	37.7938312	127.0561806
withme	258	경기	삼송파스텔시티점	경기도 고양시 덕양구 권율대로 893	-	37.6372458	126.8322044
withme	259	경기	안산디지털점	경기도 안산시 단원구 능안로 81 1008호 (안산디지털파크)	-	37.3213893	126.7786678
withme	260	경기	안양만안점	경기도 안양시 만안구 안양로360번길 32 1F 5호	-	37.4040441	126.9185595
withme	261	경기	황골주공점	경기도 수원시 영통구 영통로 498	-	37.2627515	127.0796046
withme	262	경기	포천일동점	경기도 포천시 일동면 소야길 16	-	37.9549127	127.3072448
withme	263	경기	부천무지개점	경기도 부천시 오정구 삼작로 189	-	37.5203773	126.7822874
withme	264	경기	용인백암점	경기도 용인시 처인구 백암면 죽양대로 809	-	37.1582633	127.3746327
withme	265	경기	풍동숲속1단지점	경기도 고양시 일산동구 숲속마을1로 29-15	-	37.6628844	126.79727
withme	266	경기	판교역점	경기도 성남시 분당구 판교역로 184	-	37.3897865	127.1098561
withme	267	경기	시흥오이도점	경기도 시흥시 오이도5길 11 1F	-	37.3432158	126.6889
withme	268	경기	운정한울점	경기도 파주시 동패로 98	-	37.7119291	126.7389047
withme	269	경기	양주봉양점	경기도 양주시 화합로1325번길 173	-	37.8535498	127.0632453
withme	270	경기	장기선흥프라자점	경기도 김포시 김포한강1로78번길 6-6	-	37.6444275	126.6697282
withme	271	경기	행신소만점	경기도 고양시 덕양구 소만로 12	-	37.6137087	126.8425587
withme	272	경기	의정부쁘띠린점	경기도 의정부시 평화로552번길 9-9	-	37.7416136	127.0475613
withme	273	경기	운정가람마을점	경기도 파주시 책향기로 757	-	37.7304589	126.7547714
withme	274	경기	판교SG점	경기도 성남시 분당구 대왕판교로606번길 47	-	37.3964436	127.1117012
withme	275	경기	구리이편한점	경기도 구리시 장자호수길 125	-	37.5860615	127.1431562
withme	276	경기	안산이호점	경기도 안산시 상록구 샘골로2길 11	-	37.286117	126.862478
withme	277	경기	안양공단점	경기도 안양시 만안구 전파로 43	-	37.390517	126.9373972
withme	278	경기	부천그린점	경기도 부천시 오정구 소사로 709	-	37.5192534	126.8044855
withme	279	경기	안성보개점	경기도 안성시 보개면 보개원삼로 1052	-	37.0906617	127.3101247
withme	280	경기	평택지산중앙점	경기도 평택시 송탄로 373	-	37.0768277	127.0576468
withme	281	경기	고양샘터점	경기도 고양시 덕양구 충장로152번길 47	-	37.6247	126.8380383
withme	282	경기	성남산성점	경기도 성남시 수정구 산성대로 599	-	37.4630818	127.1692383
withme	283	경기	이천대흥점	경기도 이천시 대월면 대산로247번길 2	-	37.232104	127.477431
withme	284	경기	부천백송점	경기도 부천시 원미구 상동로 13	-	37.4982644	126.7503018
withme	285	경기	안사각골로점	경기도 안산시 상록구 각골로7길 27	-	37.3006394	126.8761488
withme	286	경기	이마트타운2호점	경기도 고양시 일산서구 킨텍스로 171	-	37.6747572	126.7557402
withme	287	경기	수원곡반정점	경기도 수원시 권선구 동수원로146번길 218-22	-	37.2416979	127.0315123
withme	288	경기	부천도당점	경기도 부천시 원미구 수도로206번길 55	-	37.5182549	126.7885259
withme	289	경기	일산복음병원점	경기도 고양시 일산동구 고양대로 760	-	37.6817198	126.7799777
withme	290	경기	파주상지석점	경기도 파주시 운정로 68	-	37.7227242	126.7735375
withme	291	경기	부천고강중앙점	경기도 부천시 오정구 성지로 114	-	37.5290195	126.8114312
withme	292	경기	용인IC점	경기도 용인시 처인구 백옥대로 1392	-	37.2592707	127.2129641
withme	293	경기	양평그린점	경기도 양평군 양평읍 중앙로 18	-	37.496164	127.4905598
withme	294	경기	일산식사점	경기도 고양시 일산동구 견달산로 249	-	37.6881549	126.8194707
withme	295	경기	덕양행신점	경기도 고양시 덕양구 무원로 6 (무원빌딩)	-	37.6133893	126.832636
withme	296	경기	서천캐슬점	경기도 용인시 기흥구 서천동로21번길 8-12	-	37.2391562	127.0769117
withme	297	경기	동탄골드점	경기도 화성시 동탄하나1길 66-11 동탄이너매스 1층 3호	-	37.2187743	127.0602167
withme	298	경기	의정부흥선로점	경기도 의정부시 흥선로 142	-	37.7410385	127.0425242
withme	299	경기	시흥정왕군서점	경기도 시흥시 봉우재로41번길 19	-	37.347303	126.7430254
withme	300	경기	HN호평점	경기도 남양주시 호평로35번길 24	-	37.657203	127.2458114
withme	301	경기	상현주공점	경기도 용인시 수지구 광교마을로 91	-	37.2964591	127.0715785
withme	302	경기	이마트타운1호점	경기도 고양시 일산서구 킨텍스로 171 지하 1층	-	37.6747572	126.7557402
withme	303	경기	일산탄현점	경기도 고양시 일산서구 탄현로 133	-	37.7023617	126.7641412
withme	304	경기	금정역점	경기도 군포시 산본천로199번길 12	-	37.3710278	126.9393814
withme	305	경기	수원세류점	경기도 수원시 권선구 권선로474번길 3	-	37.2635204	127.0038192
withme	306	경기	일산장항점	경기도 고양시 일산동구 장항로 207	-	37.6397155	126.775947
withme	307	경기	용인동백중앙점	경기도 용인시 기흥구 동백중앙로 267	-	37.276599	127.1524362
withme	308	경기	용인동백점	경기도 용인시 기흥구 동백중앙로16번길 16-9 105호	-	37.2577325	127.1672966
withme	309	경기	부천상동중앙점	경기도 부천시 원미구 소향로 35	-	37.5037951	126.7515962
withme	310	경기	수원사랑점	경기도 수원시 팔달구 향교로3번길 23-4 1F	-	37.268744	127.0018686
withme	311	경기	의정부호원점	경기도 의정부시 평화로230번길 12-5	-	37.7121097	127.0485459
withme	312	경기	시흥정왕특급점	경기도 시흥시 정왕동 산 96 101호, 102호	-	37.3635746	126.7497869
withme	313	경기	파주신촌점	경기도 파주시 교하로 1015	-	37.7350384	126.712646
withme	314	경기	남양주덕소점	경기도 남양주시 와부읍 수레로 88	-	37.6001056	127.2398554
withme	315	경기	부천중동행복점	경기도 부천시 원미구 중동로254번길 87 1F 7호	-	37.5019047	126.7724727
withme	316	경기	평택대박점	경기도 평택시 청북면 신포길 64	-	37.0414931	126.9334414
withme	317	경기	양주푸른솔점	경기도 양주시 부흥로 2019 1F 101호	-	37.8007305	127.0811195
withme	318	경기	대곶초원점	경기도 김포시 대곶면 대곶북로 84 나동 1,2호	-	37.6684163	126.5786114
withme	319	경기	시흥온누리점	경기도 시흥시 복지로 79 1F 104호	-	37.4414076	126.7872703
withme	320	경기	수원환승센터점	경기도 수원시 권선구 세화로 120 101호	-	37.2670723	126.993838
withme	321	경기	퇴계원역점	경기도 남양주시 퇴계원면 퇴계원리 183-2	-	37.6475917	127.1440261
withme	322	경기	동탄코오롱점	경기도 화성시 동탄면 방교리 779-1 1F 104호	-	37.1769687	127.0924892
withme	323	경기	판교벤처점	경기도 성남시 분당구 판교로228번길 15 지하1F	-	37.3990751	127.1021168
withme	324	경기	안산휴먼빌점	경기도 안산시 단원구 신각길 22 상가동 101호	-	37.3369753	126.7749913
withme	325	경기	시흥장곡점	경기도 시흥시 장곡로49번길 14	-	37.3781692	126.7830719
withme	326	경기	식사스타타워점	경기도 고양시 일산동구 위시티2로11번길 31	-	37.6772412	126.8129062
withme	327	경기	여주사이먼분스점	경기도 여주시 명품로 360 여주프리미엄아울렛 647호	-	37.2446283	127.6224141
withme	328	경기	덕평IC점	경기도 이천시 마장면 덕평리 493-2	-	37.2336425	127.3666856
withme	329	경기	광명무지개점	경기도 광명시 새터로 20-1	-	37.4700136	126.8531052
withme	330	경기	양평양근점	경기도 양평군 양평읍 양평대교길 3	-	37.4874702	127.491954
withme	331	경기	양지점	경기도 성남시 수정구 양지동 855	-	37.4556821	127.1618139
withme	332	경기	수정점	경기도 성남시 수정구 태평동 6827	-	37.4414299	127.1270727
withme	333	경기	의정녹양점	경기도 의정부시 비우로 81	-	37.7583816	127.0357196
withme	334	경기	안산고잔역점	경기도 안산시 단원구 광덕4로 108 고잔프라자	-	37.3150399	126.8282012
withme	335	경기	부천소사본점	경기도 부천시 소사구 소사본동 132-4 1층	-	37.4804892	126.7932249
withme	336	경기	의정부로데오점	경기도 의정부시 행복로 30	-	37.7412194	127.0498435
withme	337	경기	안산삼원점	경기도 안산시 단원구 목내로 45	-	37.3039539	126.7724319
withme	338	경기	군산경기장점	전북 군산시 경기장로 18	-	35.9645729	126.7501029
withme	339	경기	파주야당점	경기도 파주시 하우고개길 65	-	37.7102745	126.7627838
withme	340	경기	강남대점	경기도 용인시 기흥구 강남동로 6	-	37.2713485	127.1277672
withme	341	경기	덕양지도공원점	경기도 고양시 덕양구 중앙로633번길 6	-	37.6270894	126.8277431
withme	342	경기	단대공원점	경기도 성남시 수정구 수정남로306번길 26	-	37.4546586	127.1543643
withme	343	경기	부천상동점	경기도 부천시 원미구 길주로77번길 55-9 태평양프라자1층	-	37.5072166	126.7512287
withme	344	경기	화성일진산단점	경기도 화성시 정남면 만년로 849	-	37.1867828	127.0049
withme	345	경기	평택비전유안점	경기도 평택시 비전6길 9	-	36.9921075	127.1129451
withme	346	경기	용인왕산점	경기도 용인시 처인구 모현면 모산로 3 (삼우빌딩)	-	37.3476691	127.2562238
withme	347	경기	평택세교점	경기도 평택시 세교2로 45 107호	-	37.0009585	127.0832358
withme	348	경기	김포올림픽점	경기도 김포시 고촌읍 벌말로 768-70	-	37.5892583	126.8000263
withme	349	경기	안산이동점	경기도 안산시 상록구 조구나리1길 1	-	37.3131227	126.8440761
withme	350	경기	시흥신천역점	경기도 시흥시 신천로100번길 8	-	37.4387287	126.7871418
withme	351	경기	포천신북점	경기도 포천시 신북면 포천로 1996-1	-	37.9492934	127.1888955
withme	352	경기	이천중앙점	경기도 이천시 영창로 200	-	37.2809404	127.4447069
withme	353	경기	별내로데오점	경기도 남양주시 별내중앙로 30	-	37.6557107	127.1205764
withme	354	경기	서수원터미널점	경기도 수원시 권선구 수인로 291	-	37.2825088	126.9701183
withme	355	경기	신동공원점	경기도 수원시 영통구 권선로882번길 65-1	-	37.2521828	127.041861
withme	356	경기	시흥역전로점	경기도 시흥시 역전로302번길 3	-	37.3525225	126.7390184
withme	357	경기	삼송역점	경기도 고양시 덕양구 삼송로 190-5	-	37.6529381	126.894899
withme	358	경기	마석중앙점	경기도 남양주시 화도읍 비룡로33번안길 1	-	37.6551103	127.3002783
withme	359	경기	평택퀸즈타워점	경기도 평택시 비전9길 12-12 (비전 1동)	-	36.9921075	127.1129451
withme	360	경기	광교수자인점	경기도 수원시 영통구 광교호수로152번길 23	-	37.2753925	127.0674623
withme	361	경기	NH복정점	경기도 성남시 수정구 복정로158번길 5 (복정동)	-	37.4668206	127.1279208
withme	362	경기	부천원종점	경기도 부천시 오정구 원종로 50 ,106호 (원종1동)	-	37.5239925	126.8088583
withme	363	경기	부천원미중동점	경기도 부천시 원미구 소향로 246 , 106호 (중동) 새롬프라자6층	-	37.5018436	126.7628786
withme	364	경기	안산와동점	경기도 안산시 단원구 선부로 223 101호(와동)	-	37.3386717	126.8107141
withme	365	경기	평택고덕산단점	경기도 평택시 지제로 180-15	-	37.01937	127.062737
withme	366	경기	성남수진점	경기도 성남시 수정구 제일로 110 1층	-	37.4363867	127.1340695
withme	367	경기	포천이동점	경기도 포천시 이동면 늠바위길 4	-	38.029919	127.3674794
withme	368	경기	고양중부대점	경기도 고양시 덕양구 동헌로 305  3층(고양동)	-	37.7066524	126.8871126
withme	369	경기	용인마북점	경기도 용인시 기흥구 마북로154번길 12	-	37.3031185	127.1246368
withme	370	경기	평택성두점	경기도 평택시 팽성읍 평궁리 305-1 성두아파트상가1-1	-	36.9724663	127.0844125
withme	371	경기	김포장기점	경기도 김포시 김포한강2로 187 (고창마을 제일풍경채상가)	-	37.6428064	126.6632566
withme	372	경기	김포아라점	경기도 김포시 고촌읍 아라육로57번길 91 104호	-	37.6033543	126.7709573
withme	373	경기	광교푸르지오점	경기도 용인시 수지구 광교중앙로295번길 13 B-104(광교2차)	-	37.2980217	127.0696819
withme	374	경기	여주중앙점	경기도 여주시 세종로14번길 3 (홍문동 25-2)	-	37.2964428	127.6364108
withme	375	경기	수원효원점	경기도 수원시 권선구 권선동 940-2	-	37.2635437	127.0233848
withme	376	경기	의정행복점	경기도 의정부시 평화로 598 (의정부동 227-48,세화빌딩)	-	37.7453397	127.0462643
withme	377	경기	양지점	경기도 성남시 수정구 양지동 855	-	37.4556821	127.1618139
withme	378	경기	수지상현점	경기도 용인시 수지구 만현로 110 A-104 (원희캐슬프라자)	-	37.3120953	127.0893265
withme	379	경기	희망점	경기도 용인시 풍덕천동 1080-11	-	37.322169	127.0952655
withme	380	경기	휴리조트점	경기도 양주시 83-16	-	37.7844225	127.0993473
withme	381	경기	화성사강점	경기도 화성시 사강리 552-1 1층	-	37.2156288	126.7295349
withme	382	경기	화성반월점	경기도 화성시 반월남길 4 (반월동)	-	37.2244916	127.0631122
withme	383	경기	화성로드점	경기도 화성시 봉담읍 최루백로 303	-	37.199166	126.9678656
withme	384	경기	화성동오점	경기도 화성시 서봉로 590	-	37.1290335	126.9515147
withme	385	경기	화서주공점	경기도 수원시 팔달구 수성로182번길 82 나상가-102(화서동,화서4단지주공아파트)	-	37.283578	126.9938565
withme	386	경기	호매실점	경기도 수원시 권선구 호매실동 호매실보금자리주택지구110-3금호프라자106호	-	37.2634673	126.9569112
withme	387	경기	향남행정점	경기도 화성시 행정중앙2로 39, 105(태성메디컬프라자)	-	37.1295082	126.921658
withme	388	경기	향남점	경기도 화성시 향남읍 구문천리 927-3	-	37.0862247	126.9068836
withme	389	경기	한양병원점	경기도 남양주시 오남읍 양지로 47-55	-	37.6919032	127.1999813
withme	390	경기	하남신장점	경기도 하남시 하남대로 819 (신장동)	-	37.5414966	127.2066055
withme	391	경기	하남본점	경기도 하남시 하남대로 1043-27,B1-107	-	37.5331263	127.2000044
withme	392	경기	하갈점	경기도 용인시 기흥구 덕영대로 1920 (하갈동)	-	37.2564183	127.0960468
withme	393	경기	포천백두점	경기도 포천시 838-24	-	37.8982204	127.199966
withme	394	경기	포천군내점	경기도 포천시 군내면 포천로 1410	-	37.8856528	127.2108044
withme	395	경기	평택포승점	경기도 평택시 도곡리 여술4길 2	-	36.9900354	126.8447734
withme	396	경기	평택청북점	경기도 평택시 청북면 옥길리 1162-5	-	37.0246963	126.913794
withme	397	경기	평택지제점	경기도 평택시 남북대로 262 (지제동)	-	37.0271577	127.1131324
withme	398	경기	평택이충점	경기도 평택시 이충로35번길 19 정암마을뜨란채	-	37.058626	127.067781
withme	399	경기	평택이마트점	경기도 평택시 영신로 29 이마트	-	37.0166277	127.08435
withme	400	경기	평택서정점	경기도 평택시 서정남로 131	-	37.0609706	127.0541189
withme	401	경기	평택서재점	경기도 평택시 평남로 1046-9 (동삭동)	-	37.0073264	127.0762252
withme	402	경기	파주한라비발디점	경기도 파주시 교하로 7(산내마을6단지상가103호)	-	37.7250115	126.7159345
withme	403	경기	파주운정점	경기도 파주시 4-49교하2차월드메르디	-	37.7598688	126.7801781
withme	404	경기	파주사이먼점	경기도 파주시 탄현면 필승로 200  파주프리미엄아울렛	-	37.7750532	126.6878648
withme	405	경기	트라이엄프점	경기도 화성시 병점동로164번길 11-1, 101	-	37.2171678	127.0379783
withme	406	경기	중원사거리점	경기도 성남시 중원구 금상로 122 (상대원동)	-	37.4422197	127.1685039
withme	407	경기	중동리슈빌점	경기도 부천시 원미구 길주로 246 (계룡리슈빌NCLASS, 108A)	-	37.5032652	126.769618
withme	408	경기	정자헤리츠점	경기도 성남시 분당구 정자일로 132 (정자동 166-3)	-	37.3603888	127.1059372
withme	409	경기	정왕월드점	경기도 시흥시 정왕신길로111번길 7 115-108(정왕동,월드아파트분산상가)	-	37.3560428	126.7330222
withme	410	경기	의정부점	경기도 의정부시 의정부동 32-3 외1층	-	37.7412932	127.0528595
withme	411	경기	의정부미리온점	경기도 의정부시 호국로 1340 상가-101	-	37.7494349	127.05148
withme	412	경기	의정부동점	경기도 의정부시 평화로 437 (의정부동)	-	37.7310021	127.0477494
withme	413	경기	의정가능점	경기도 의정부시 신흥로 369(가능동,1층)	-	37.7491614	127.0424457
withme	414	경기	의왕점	경기도 의왕시 금천말안길 19-2	-	37.3283844	126.9502425
withme	415	경기	을지대범석관점	경기도 성남시 수정구 산성대로 553 을지대 성남캠퍼스 범석관 1층	-	37.4416093	127.142568
withme	416	경기	을지대밀레니엄점	경기도 성남시 수정구 산성대로 553 을지대 성남캠퍼스 뉴밀레니엄관1층	-	37.4416093	127.142568
withme	417	경기	용인황금점	경기도 용인시 처인구 경기동로 286 (1층)	-	37.1412858	127.156823
withme	418	경기	용인유운점	경기도 용인시 처인구 포곡읍 곡현로 185	-	37.3029385	127.2241356
withme	419	경기	용인언남점	경기도 용인시 기흥구 언남로 21 (언남동)	-	37.2929472	127.1280807
withme	420	경기	용인보정점	경기도 용인시 기흥구 신촌로 63(보정동,101호)	-	37.3070265	127.1118207
withme	421	경기	용인모현점	경기도 용인시 처인구 오포로 76(103,104호)	-	37.3441183	127.1904496
withme	422	경기	용인강남마을점	경기도 용인시 기흥구 강남서로58번길 1	-	37.2761511	127.1290795
withme	423	경기	오정산단점	경기도 부천시 오정구 오정동 394-22 1층	-	37.5289074	126.781867
withme	424	경기	오산청호점	경기도 오산시 동부대로 355 (고현동) 1층 103호	-	37.1337108	127.0778779
withme	425	경기	오산센트하임점	경기도 오산시 궐리사로 8 센트하임	-	37.1598596	127.0534804
withme	426	경기	오남아이파크점	경기도 남양주시 오남읍 진건오남로 781-56	-	37.7006892	127.1976118
withme	427	경기	여주태평점	경기도 여주시 가남읍 태평리 141-36	-	37.2980237	127.6371628
withme	428	경기	여주사이먼점	경기도 여주시 명품로 360  여주 프리미엄 아울렛	-	37.2413127	127.6125556
withme	429	경기	여주물류센터점	경기도 여주시 웅골로 161 (가업동)	-	37.2666411	127.6253717
withme	430	경기	어연산단점	경기도 평택시 청북산단로 56(1층102호)	-	37.0514761	126.9762436
withme	431	경기	양평오빈점	경기도 양평군 경강로 1638	-	37.504395	127.4638132
withme	432	경기	양평양일점	경기도 양평군 관문길22번길 12	-	37.4924464	127.4942232
withme	433	경기	양주수자인점	경기도 양주시 고읍남로39번길 84 (광사동) 한양아파트 상가 105,106	-	37.7889367	127.0789732
withme	434	경기	양주삼숭점	경기도 양주시 632-3 T.S3차아파트단지내상가103	-	37.8117394	126.9866809
withme	435	경기	안화점	경기도 화성시 병점3로 133,B-101	-	37.2098885	127.0404699
withme	436	경기	안양예찬점	경기도 안양시 만안구 안양로329번길 14(안양동,	-	37.400952	126.9184908
withme	437	경기	안성원곡점	경기도 안성시 만세로 1415-24(세윤상가2동)	-	37.0442278	127.1474002
withme	438	경기	안성마정점	경기도 안성시 방축길 7, 102	-	37.0111018	127.2061422
withme	439	경기	안성대천점	경기도 안성시 중앙4길 6(대천동)	-	37.0089721	127.2703492
withme	440	경기	안성공도점	경기도 안성시 만정리 797-1	-	37.0024391	127.1695965
withme	441	경기	안산한양대점	경기도 안산시 상록구 성안길 84-2(103호,104호)	-	37.3011128	126.838298
withme	442	경기	안산초지점	경기도 안산시 단원구 신촌4길 41 (초지동)	-	37.3144666	126.8200862
withme	443	경기	안산신길로점	경기도 안산시 신길동 158-1	-	37.3379343	126.7731023
withme	444	경기	안산성호로점	경기도 안산시 상록구 식물원로3길 7 (일동)	-	37.3158629	126.8615358
withme	445	경기	안산본점	경기도 안산시 단원구 도일로 24 (신길동)	-	37.3324533	126.7856874
withme	446	경기	안산본오점	경기도 안산시 상록구 상록수로 16 (본오동)	-	37.3023419	126.8615716
withme	447	경기	신세계의정부점	경기도 의정부시 평화로525	-	37.7353974	127.046992
withme	448	경기	시흥정왕점	경기도 시흥시 옥구천동로 401 (정왕동)	-	37.3578981	126.729669
withme	449	경기	시흥정왕시장점	경기도 시흥시 정왕천로411번길 4 (정왕동,103,104호)	-	37.3445002	126.7517351
withme	450	경기	시화물류센터점	경기도 시흥시 협력로 280 (정왕동)	-	37.3506293	126.716393
withme	451	경기	수지희망점	경기도 용인시 수지구 1080-11	-	37.3124005	127.0929101
withme	452	경기	수지성복점	경기도 용인시 수지구 성복1로 222 (성복동)	-	37.3175005	127.0653222
withme	453	경기	수원청광점	경기도 수원시 권선구 경수대로 408 (권선동) 106호	-	37.2626153	127.0254317
withme	454	경기	수원장안점	경기도 수원시 장안구 이목로 24, (제3상가동114호)	-	37.3109011	126.986679
withme	455	경기	수원인계점	경기도 수원시 팔달구 인계로108번길 49 (인계동)	-	37.2655397	127.0288744
withme	456	경기	수원역점	경기도 수원시 팔달구 향교로 1 (매산로1가)	-	37.2676169	127.001279
withme	457	경기	수원역2점	경기도 수원시 팔달구 향교로 42(매산로2가,1층우측아시아또)	-	37.2688783	127.0055479
withme	458	경기	수원시청역점	경기도 수원시 권선구 효원로256번길 33, 104(권선동,한라비발디파크)	-	37.2607478	127.0289582
withme	459	경기	수원매탄점	경기도 수원시 영통구 883 삼호그랜드빌라101동	-	37.2642515	127.0438619
withme	460	경기	수원매산로점	경기도 수원시 팔달구 매산로3가 127-6	-	37.2705042	127.0080566
withme	461	경기	수원마이홈점	경기도 수원시 팔달구 효원로292번길 50 (인계동)	-	37.2597237	127.0320166
withme	462	경기	수원광교점	경기도 수원시 영통구 에듀타운로 106번길 (매탄3동)	-	37.2594897	127.0466381
withme	463	경기	소사본점	경기도 부천시 소사구 호현로 479 (소사본동)	-	37.4804892	126.7932249
withme	464	경기	성복점	경기도 용인시 수지구 성복2로 250	-	37.3193946	127.0601145
withme	465	경기	성남코티티점	경기도 성남시 중원구 사기막골로 111(지하101	-	37.4392007	127.1751345
withme	466	경기	성남본점	경기도 성남시 중원구 희망로 311(금풍빌딩1층)	-	37.4338161	127.1591696
withme	467	경기	성남공단점	경기도 성남시 중원구 둔촌대로 464 (상대원동)	-	37.4315752	127.1682217
withme	468	경기	서판교대로점	경기도 성남시 분당구 운중로 128, 102(마크시티그)	-	37.3905055	127.082868
withme	469	경기	서이천IC점	경기도 이천시 서이천로 876	-	37.296372	127.3993435
withme	470	경기	서수원주유소점	경기도 수원시 권선구 서부로 1963 (구운동)	-	37.2837036	126.9689822
withme	471	경기	삼송호반점	경기도 고양시 덕양구 권율대로 831 호반 베르디움9단지 (삼송동)	-	37.6372458	126.8322044
withme	472	경기	삼성반도체후문점	경기도 용인시 기흥구 농서로 236 (농서동)	-	37.228316	127.0744768
withme	473	경기	부천중동점	경기도 부천시 원미구 옥산로 47(연화마을상가103호,104호)	-	37.497665	126.7805416
withme	474	경기	부천원미점	경기도 부천시 원미구 조마루로412번길 54(원미동,1층)	-	37.4950713	126.7889848
withme	475	경기	부천오정점	경기도 부천시 오정구 상오정로 17(오정동,한진타운104~106호)	-	37.5242621	126.785841
withme	476	경기	부천역점	경기도 부천시 원미구 부일로 457, 101(심곡동)	-	37.4903199	126.8155159
withme	477	경기	별내중앙점	경기도 남양주시 두물로39번길 43(102호)	-	37.6360028	127.2165279
withme	478	경기	벽산점	경기도 성남시 중원구 둔촌대로 560 (상대원동) 벽산테크노피아 1층	-	37.4311109	127.1786266
withme	479	경기	법원점	경기도 평택시 비전2로 15 (동삭동)	-	36.9921075	127.1129451
withme	480	경기	매탄역점	경기도 수원시 권선구 권선동 1308 매탄역2번매장	-	37.2496383	127.0404846
withme	481	경기	동현주유소점	경기도 화성시 향남읍 3.1만세로 1015	-	37.1271527	126.900952
withme	482	경기	동탄중심상가점	경기도 화성시 반송동 91-6 그린프라자 104	-	37.2052428	127.0733527
withme	483	경기	동탄점	경기도 화성시 동탄반석로 120 (반송동) 제일프라자 101, 102호	-	37.1995792	127.0717131
withme	484	경기	동탄석우점	경기도 화성시 석우동 31-6번지 103호	-	37.217333	127.0783461
withme	485	경기	동두천점	경기도 동두천시 중앙로 296(생연동)	-	37.90775	127.0547871
withme	486	경기	덕풍점	경기도 하남시 대성로 261 (덕풍동)	-	37.5330735	127.2020534
withme	487	경기	대부황금로점	경기도 안산시 단원구 대부북동 14	-	37.2606589	126.5844513
withme	488	경기	대부도점	경기도 안산시 단원구 대부황금로 1509-1	-	37.2884951	126.5762817
withme	489	경기	당정역점	경기도 군포시 당정역로 92, 101(슬기프라자)	-	37.3422291	126.9503126
withme	490	경기	단국대점	경기도 용인시 수지구 죽전로 152-1 (죽전동)	-	37.324034	127.1250633
withme	491	경기	농협대학점	경기도 고양시 덕양구 서삼릉1길 74 (원흥동)	-	37.6372458	126.8322044
withme	492	경기	내리점	경기도 안성시 내리6길 24	-	36.9995671	127.2226741
withme	493	경기	남양주점	경기도 남양주시 경춘로 988 (금곡동)	-	37.6340136	127.2113275
withme	494	경기	남양도심역점	경기도 남양주시 덕소로223번길 11	-	37.5804163	127.2219911
withme	495	경기	김포한강신도시점	경기도 김포시 양촌읍 양곡리 1341-3	-	37.6607127	126.6293649
withme	496	경기	기흥역점	경기도 용인시 기흥구 기흥로 4 (구갈동,1층)	-	37.2764382	127.1162745
withme	497	경기	기흥구청점	경기도 용인시 기흥구 구갈로60번길 19 (구갈동)	-	37.2798966	127.113495
withme	498	경기	금광베네스타점	경기도 용인시 처인구 천리 1134(A상가	-	37.2002811	127.2075728
withme	499	경기	군포당동점	경기도 군포시 당산로 74 (당동,1층일부)	-	37.3580569	126.9460321
withme	500	경기	구리상록점	경기도 구리시 장자대로111번길 66(상록아파트상가동105호)	-	37.5886516	127.1458406
withme	501	경기	구리동원점	경기도 구리시 동구릉로85번길 12	-	37.6082253	127.1337812
withme	502	경기	구리교문점	경기도 구리시 딸기원로 3 (교문동)	-	37.6032434	127.1200955
withme	503	경기	광주경안점	경기도 광주시 포돌이로 15(탄벌동,외1)	-	37.4145675	127.2495591
withme	504	경기	광명산타마리아점	경기도 광명시 일직로 79, 102(일직동,1층102-103호)	-	37.4784878	126.8642888
withme	505	경기	광명사거리역점	경기도 광명시 오리로975번길 6-1 (광명동)	-	37.4786394	126.8545088
withme	506	경기	광교점	경기도 수원시 영통구 대학1로64번길 53, 103(이의동)	-	37.2594897	127.0466381
withme	507	경기	공도터미널점	경기도 안성시 승두리 70-2	-	36.998135	127.1666031
withme	508	경기	고잔푸르지오점	경기도 안산시 단원구 광덕4로 116, 120(고잔동,대덕프라자)	-	37.3150399	126.8282012
withme	509	경기	고양삼송점	경기도 고양시 덕양구 삼송동 348-2 106호	-	37.6538951	126.8909993
withme	510	경기	가능사랑점	경기도 의정부시 신촌로 78 (가능동)	-	37.750308	127.0431741
withme	511	경기	PDCC점	경기도 성남시 분당구 판교로 242(C동B115	-	37.3985507	127.1068146
withme	512	인천	인천예술회관점	인천광역시 남동구 인주대로 590	-	37.4496912	126.7024388
withme	513	인천	서구신안점	인천광역시 서구 원당대로840번길 22 1F 101호	-	37.5919295	126.6954385
withme	514	인천	부평부개타운점	인천광역시 부평구 수변로9번길 61	-	37.4876215	126.7360735
withme	515	인천	인천검암타운점	인천광역시 서구 승학로450번길 20-2 제씨동 1층 101호	-	37.561764	126.6758436
withme	516	인천	남인천세무서점	인천광역시 남동구 구월동 1492-5	-	37.4491043	126.7101188
withme	517	인천	서구심곡점	인천광역시 서구 심곡로 44-1	-	37.54193	126.674789
withme	518	인천	인천원창공단점	인천광역시 서구 원창동 55-11	-	37.5128726	126.6270971
withme	519	인천	학익대로점	인천광역시 남구 소성로 244 3호	-	37.4412111	126.6731133
withme	520	인천	부평시장로터리점	인천광역시 부평구 부평문화로 106	-	37.4940663	126.7278229
withme	521	인천	인천서달점	인천광역시 서구 서달로 147	-	37.5112123	126.6783048
withme	522	인천	용현사거리점	인천광역시 남구 인주대로 129	-	37.4565652	126.651499
withme	523	인천	제물포역점	인천광역시 남구 석정로162번길 55-1	-	37.4672232	126.6560678
withme	524	인천	부평한사랑점	인천광역시 부평구 부일로 30	-	37.4896586	126.7333695
withme	525	인천	인천석남점	인천광역시 서구 건지로 273	-	37.4993554	126.6726422
withme	526	인천	부평동수타운점	인천광역시 부평구 경인로 899 1필지 B01호	-	37.4819063	126.7228489
withme	527	인천	구월한성점	인천광역시 남동구 호구포로764번길 49-2	-	37.4504917	126.7218255
withme	528	인천	인천용현5동점	인천광역시 남구 토금북로11번길 3	-	37.4552973	126.6357866
withme	529	인천	인천연수점	인천광역시 연수구 새말로 20	-	37.4226233	126.6734568
withme	530	인천	부평한국점	인천광역시 부평구 부평대로278번길 42	-	37.5147619	126.7239798
withme	531	인천	인천크리스탈점	인천광역시 서구 크리스탈로102번길 25 (청라푸르지오아파트)	-	37.5348817	126.6386952
withme	532	인천	인천가정로점	인천광역시 서구 가정로 338	-	37.5148807	126.6729464
withme	533	인천	논현한라점	인천광역시 남동구 포구로 64-8	-	37.4041735	126.7377975
withme	534	인천	송도스마트밸리점	인천광역시 연수구 송도미래로 30	-	37.4094099	126.6783088
withme	535	인천	인천제물포점	인천광역시 남구 경인로 148-2	-	37.4660365	126.6591637
withme	536	인천	작전까치공원점	인천광역시 계양구 계양문화로 27	-	37.5332076	126.73604
withme	537	인천	구월타운점	인천광역시 남동구 예술로226번길 28 1F 10호	-	37.454134	126.7029539
withme	538	인천	인천연희점	인천광역시 서구 청라에메랄드로 113 상가동 102호	-	37.5454212	126.6759723
withme	539	인천	부평청천점	인천광역시 부평구 마장로 384	-	37.5122783	126.7040875
withme	540	인천	청라캐슬점	인천광역시 서구 청라커낼로 252 D동 112호	-	37.528894	126.6458632
withme	541	인천	송도센트럴파크점	인천광역시 연수구 아트센터대로 203 B동 123호	-	37.4001714	126.6378289
withme	542	인천	간석점	인천광역시 남동구 동암남로34번길 50	-	37.4682487	126.7070343
withme	543	인천	부평은서점	인천광역시 부평구 부흥북로84번길 25	-	37.4997283	126.7314261
withme	544	인천	부평타운점	인천광역시 부평구 장제로109번길 15	-	37.4952334	126.7291941
withme	545	인천	인천화수점	인천광역시 동구 화수로 43	-	37.4826769	126.6330887
withme	546	인천	인천송월점	인천광역시 중구 참외전로59번길 38	-	37.4804687	126.6248709
withme	547	인천	송도지식정보단지점	인천광역시 연수구 인천타워대로54번길 3	-	37.3785302	126.6456342
withme	548	인천	동인천점	인천광역시 중구 전동 16-12	-	37.4764458	126.6284505
withme	549	인천	인천작은구월점	인천광역시 남동구 인주대로748번길 13	-	37.4482377	126.7201912
withme	550	인천	인천논현역점	인천광역시 남동구 청능대로 563 (논현동 631-7,동아베스트프라자 1층 112호)	-	37.4009231	126.7217475
withme	551	인천	계산역점	인천광역시 계양구 계산2동 929-4호 (1층)	-	37.5436976	126.7250936
withme	552	인천	인천청라점	인천광역시 서구 청라라임로 85, 115	-	37.5292832	126.6525573
withme	553	인천	인천주안점	인천광역시 남구 인하로299번길 15	-	37.4487199	126.681436
withme	554	인천	인천주안북점	인천광역시 남구 석정로 360 상가-103(주안동,주안태화아파트)	-	37.4649629	126.6706778
withme	555	인천	인천엠파크점	인천광역시 서구 염곡로149(1층B105호)	-	37.4969738	126.666468
withme	556	인천	인천만수점	인천광역시 남동구 만수로 47, 103(만수동,39)	-	37.4620156	126.7353493
withme	557	인천	인천논현점	인천광역시 남동구 논고개로123번길 24	-	37.4021576	126.7224979
withme	558	인천	인천검암점	인천광역시 서구 승학로 452, 115	-	37.5547852	126.6692674
withme	559	인천	인천간석점	인천광역시 남동구 구월로 64 (1층	-	37.4569757	126.697255
withme	560	인천	신세계인천점	인천광역시 남구 연남로 35(4층)	-	37.440941	126.701426
withme	561	인천	부평산곡점	인천광역시 부평구 부영로189번길 51 (산곡동)	-	37.5021383	126.7129915
withme	562	인천	동암비버리시티점	인천광역시 부평구 열우물로25번길 14-3(동암비버리시티106)	-	37.471281	126.700410
withme	563	인천	농협로타리점	인천광역시 부평구 장제로 60 (부평동)	-	37.4905794	126.7302578
withme	564	인천	논현아크리아점	인천광역시 남동구 소래역로46번길 20(논현동,아크리아상가103호)	-	37.4014641	126.7359421
withme	565	인천	고잔공단점	인천광역시 남동구 앵고개로 676 (고잔동)	-	37.3944155	126.704517
withme	566	인천	간석2호점	인천광역시 남동구 간석동 동암남로34번길 50	-	37.4687214	126.70713
