type	NO	지역	점포명	주소	연락처
withme	1	서울	행복드림점	서울특별시 도봉구 도봉로 879	-
withme	2	서울	신월으뜸점	서울특별시 양천구 신월로15길 26	-
withme	3	서울	미아햇빛점	서울특별시 강북구 도봉로10길 65 1F	-
withme	4	서울	불광역점	서울특별시 은평구 통일로65길 11	-
withme	5	서울	상도마을점	서울특별시 동작구 상도로15마길 10 1F 101호	-
withme	6	서울	장안메트로점	서울특별시 동대문구 장한로5길 75	-
withme	7	서울	종로마루점	서울특별시 종로구 난계로27길 44-7	-
withme	8	서울	홍제문화점	서울특별시 서대문구 문화촌길 6-25	-
withme	9	서울	송파거여점	서울특별시 송파구 성내천로18길 1	-
withme	10	서울	성북정릉점	서울특별시 성북구 솔샘로6길 46 1F 1호	-
withme	11	서울	보문점	서울특별시 성북구 인촌로2길 37 보문남광하우스토리 1F 110호	-
withme	12	서울	방배경찰서점	서울특별시 서초구 방배천로 62	-
withme	13	서울	홍은프라임점	서울특별시 서대문구 통일로 530 홍은동아더프라임 지하 2층 209호	-
withme	14	서울	성수뚝도점	서울특별시 성동구 성덕정11길 20-1	-
withme	15	서울	이마트월계점	서울특별시 노원구 마들로3길 15	-
withme	16	서울	면목샘터점	서울특별시 중랑구 면목로21길 9	-
withme	17	서울	광진중곡점	서울특별시 광진구 긴고랑로 25	-
withme	18	서울	신수크리스마스점	서울특별시 마포구 독막로28길 7	-
withme	19	서울	서초양재점	서울특별시 서초구 바우뫼로 183 1F 105호	-
withme	20	서울	마포일진타워점	서울특별시 마포구 마포대로 45	-
withme	21	서울	인헌점	서울특별시 관악구 인헌16길 13	-
withme	22	서울	까치고개점	서울특별시 관악구 남부순환로 1964	-
withme	23	서울	대치타운점	서울특별시 강남구 삼성로85길 34	-
withme	24	서울	도산대로점	서울특별시 강남구 도산대로 309	-
withme	25	서울	광진군자점	서울특별시 광진구 광나루로 355	-
withme	26	서울	연대서문점	서울특별시 서대문구 연희로10길 75	-
withme	27	서울	이태원써니점	서울특별시 용산구 보광로 117	-
withme	28	서울	반포가온점	서울특별시 서초구 사평대로55길 65-11	-
withme	29	서울	가리봉점	서울특별시 구로구 디지털로 230	-
withme	30	서울	서일대점	서울특별시 중랑구 용마산로90길 19	-
withme	31	서울	면목중랑점	서울특별시 중랑구 봉우재로 24	-
withme	32	서울	당산휴브리지점	서울특별시 영등포구 버드나루로 116	-
withme	33	서울	방학동방점	서울특별시 도봉구 방학로2길 82	-
withme	34	서울	성북삼선점	서울특별시 성북구 동소문로10길 25	-
withme	35	서울	숭실대역점	서울특별시 동작구 상도로62길 10	-
withme	36	서울	강서우장산점	서울특별시 강서구 우장산로 104	-
withme	37	서울	신림동양점	서울특별시 관악구 남부순환로181길 46	-
withme	38	서울	창동역점	서울특별시 도봉구 노해로63길 67	-
withme	39	서울	청주수곡점	서울특별시 도봉구 노해로63길 67	-
withme	40	서울	도림금빛점	서울특별시 영등포구 도림로113길 17	-
withme	41	서울	자양대동점	서울특별시 광진구 뚝섬로31길 15	-
withme	42	서울	서소문점	서울특별시 서대문구 충정로6길 59	-
withme	43	서울	신림우정점	서울특별시 관악구 신림동 492-20	-
withme	44	서울	이화사거리점	서울특별시 종로구 대학로 60	-
withme	45	서울	이태원역점	서울특별시 용산구 이태원로 161	-
withme	46	서울	에쓰오일본사점	서울특별시 마포구 백범로 192	-
withme	47	서울	상명대기숙사점	서울특별시 종로구 평창문화로 151	-
withme	48	서울	구로디지털1점	서울특별시 구로구 디지털로32다길 14	-
withme	49	서울	강남도곡점	서울특별시 강남구 남부순환로370길 9	-
withme	50	서울	강동프라자점	서울특별시 강동구 천호대로 1238 1F 101호 (둔촌동 프라자상가)	-
withme	51	서울	쌍문역점	서울특별시 도봉구 도봉로 지하 486-1	-
withme	52	서울	어반플레이스점	서울특별시 서초구 효령로77길 30	-
withme	53	서울	강남선릉점	서울특별시 강남구 테헤란로 322	-
withme	54	서울	남구로점	서울특별시 구로구 도림로 23-1	-
withme	55	서울	메이플카운티점	서울특별시 은평구 진관2로 12 117호	-
withme	56	서울	상봉역점	서울특별시 중랑구 봉화산로30길 99	-
withme	57	서울	고대산학관점	서울특별시 성북구 안암동5가 126-16 고려대학교 산학관 1F	-
withme	58	서울	구로병원사거리점	서울특별시 구로구 구로동로 164	-
withme	59	서울	성내으뜸점	서울특별시 강동구 천호대로176길 10-3	-
withme	60	서울	상수역점	서울특별시 마포구 독막로 97	-
withme	61	서울	성내으뜸점	서울특별시 강동구 천호대로176길 10-3 1F	-
withme	62	서울	중구라모도점	서울특별시 중구 장충단로 228-2 2F	-
withme	63	서울	합정동마점	서울특별시 마포구 월드컵로1길 21	-
withme	64	서울	센트럴시티2호점	서울특별시 서초구 신반포로 176 지하상가 B306호	-
withme	65	서울	송파대로점	서울특별시 송파구 위례성대로 122 1F	-
withme	66	서울	화곡로점	서울특별시 강서구 곰달래로 185 1F	-
withme	67	서울	중곡제일점	서울특별시 광진구 천호대로125길 14	-
withme	68	서울	가산두산위브점	서울특별시 금천구 가산동 152-30 1F	-
withme	69	서울	오목교역점	서울특별시 양천구 신목로 100-8 1F	-
withme	70	서울	서대문홍은점	서울특별시 서대문구 홍은중앙로 55 1F	-
withme	71	서울	신세계영등포제일점	서울특별시 영등포구 영중로3길 5 1F	-
withme	72	서울	신림팔구팔구점	서울특별시 관악구 신림로67길 11	-
withme	73	서울	한양대역점	서울특별시 성동구 왕십리로 206	-
withme	74	서울	도곡타운점	서울특별시 강남구 남부순환로363길 49 1F	-
withme	75	서울	대학로분스점	서울특별시 종로구 대명길 33 1F	-
withme	76	서울	자양한강점	서울특별시 광진구 자양번영로 11 1F	-
withme	77	서울	자양제일점	서울특별시 광진구 동일로4길 21	-
withme	78	서울	강동성내점	서울특별시 강동구 성내동 120-60 1F	-
withme	79	서울	장안대로점	서울특별시 동대문구 장한로 180	-
withme	80	서울	푸르덴셜타워점	서울특별시 강남구 강남대로 298 푸르덴셜타워 지하2층	-
withme	81	서울	은평대조점	서울특별시 은평구 통일로69길 7	-
withme	82	서울	역촌점	서울특별시 은평구 역촌동 232 역촌센트레빌상가 104	-
withme	83	서울	은평점	서울특별시 은평구 은평로 123 응암동102호	-
withme	84	서울	서교점	서울특별시 마포구 서교동 484-35 웰빙존1층	-
withme	85	서울	상명대점	서울특별시 종로구 홍지문2길 20 상명대 사범관 1층	-
withme	86	서울	반포터미널점	서울특별시 서초구 신반포로 194 1층	-
withme	87	서울	마장금호점	서울특별시 성동구 마조로 55 116호	-
withme	88	서울	동부이촌점	서울특별시 용산구 이촌로65가길 66	-
withme	89	서울	개봉동부점	서울특별시 구로구 개봉로12길 12	-
withme	90	서울	문래현대점	서울특별시 영등포구 문래로4길 4 (1층 104호)	-
withme	91	서울	미아지웰점	서울특별시 강북구 도봉로76길 42-1	-
withme	92	서울	화곡곰달래점	서울특별시 강서구 곰달래로 220	-
withme	93	서울	화양행운점	서울특별시 광진구 군자로 18	-
withme	94	서울	삼성119점	서울특별시 강남구 봉은사로 478 1층	-
withme	95	서울	서울로봇고점	서울특별시 강남구 광평로10길 15	-
withme	96	서울	신정로점	서울특별시 양천구 중앙로 328 (신정1동)	-
withme	97	서울	종로숭인점	서울특별시 종로구 종로58가길 27	-
withme	98	서울	면목제일점	서울특별시 중랑구 면목로56나길 9	-
withme	99	서울	연희제일점	서울특별시 서대문구 연희로11가길 54	-
withme	100	서울	청담하나점	서울특별시 강남구 도산대로78길 31 1층 101호	-
withme	101	서울	용산점	서울특별시 용산구 한강대로17길 24	-
withme	102	서울	이문웰츠점	서울특별시 동대문구 이문로34길 3 (이문1동)	-
withme	103	서울	당산한양점	서울특별시 영등포구 국회대로38길 18	-
withme	104	서울	도봉대로점	서울특별시 도봉구 도봉로 601 (상가동 102호)	-
withme	105	서울	가산GBC점	서울특별시 금천구 가산디지털1로 165 GBC 101호	-
withme	106	서울	남현로점	서울특별시 관악구 남부순환로272길 42 1층 1호	-
withme	107	서울	신길타운점	서울특별시 영등포구 경인로114길 14	-
withme	108	서울	사당남사점	서울특별시 동작구 동작대로19길 16 (사당동)	-
withme	109	서울	강서화곡점	서울특별시 강서구 곰달래로 111 (화곡1동)	-
withme	110	서울	가산하이앤드점	서울특별시 금천구 가산디지털1로 233 ,107 (하이엔드타워9차)	-
withme	111	서울	DMC역점	서울특별시 은평구 수색로 202 (증산동 A동 1층 1호)	-
withme	112	서울	디지털큐브점	서울특별시 마포구 상암산로 34 (상암동 디지털큐브지하1층)	-
withme	113	서울	외대이문점	서울특별시 동대문구 외대역동로 106	-
withme	114	서울	청량코아점	서울특별시 동대문구 홍릉로 16 1층	-
withme	115	서울	서초점	서울특별시 서초구 서초3동 1583-10 1층	-
withme	116	서울	염창역점	서울특별시 양천구 공항대로 638 (목동 515-5)	-
withme	117	서울	청계천점	서울특별시 종로구 청계천로 35 관정빌딩 (서린동 88)	-
withme	118	서울	본점	서울특별시 성동구 성수동2가 281-4 푸조비즈타워(1층)	-
withme	119	서울	문래에이스점	서울특별시 영등포구 문래동6가 24-1 에이스하이테크시티2	-
withme	120	서울	면목점	서울특별시 중랑구 면목3.8동 23-12 1층 (106-2호)	-
withme	121	서울	길동호가점	서울특별시 강동구 양재대로112길 5 (길동 390-20)	-
withme	122	서울	상도국사봉점	서울특별시 동작구 양녕로20길 80 (상도동214-88)	-
withme	123	서울	화곡베스트원점	서울특별시 강서구 곰달래로59길 44(화곡동,1층)	-
withme	124	서울	홍대사랑점	서울특별시 마포구 와우산로 83 (서교동)	-
withme	125	서울	현대홈시티점	서울특별시 도봉구 도봉로106길 22 (창동) 현대홈시티 201-105	-
withme	126	서울	한국은행점	서울특별시 중구 남대문로5길 9(북창동)	-
withme	127	서울	풍납점	서울특별시 송파구 강동대로5길 8(101호)	-
withme	128	서울	파미에파크점	서울특별시 서초구 사평대로 205 (반포동) BPC 102-8	-
withme	129	서울	파미에파크2호점	서울특별시 서초구 사평대로 205 (1391-3) 1-3	-
withme	130	서울	태릉입구역점	서울특별시 노원구 화랑로 419-11	-
withme	131	서울	코아텔점	서울특별시 서초구 강남대로53길 11 (서초동)	-
withme	132	서울	충무로점	서울특별시 중구 수표로6길 33-2 (충무로3가)	-
withme	133	서울	청담본점	서울특별시 강남구 도산대로57길 24 (청담동)	-
withme	134	서울	천호점	서울특별시 강동구 천호대로157길 9 (천호동)	-
withme	135	서울	창동점	서울특별시 도봉구 창동 덕릉로 276	-
withme	136	서울	차병원사거리점	서울특별시 강남구 논현로 562(페트라빌딩1층)	-
withme	137	서울	증산점	서울특별시 은평구 증산서길 143 (증산동)	-
withme	138	서울	중림점	서울특별시 중구 청파로 464, 102동 1호(중림동, 브라운스톤)	-
withme	139	서울	중구소공점	서울특별시 중구 소공로 100-1 (소공동)	-
withme	140	서울	종로서린점	서울특별시 종로구 무교로 39 (서린동)	-
withme	141	서울	정동길점	서울특별시 중구 정동길 15 (정동)	-
withme	142	서울	장안홈타운점	서울특별시 동대문구 장한로18길 88 (장안동)	-
withme	143	서울	장안현대점	서울특별시 동대문구 답십리로72길 46 (장안동)	-
withme	144	서울	장안점	서울특별시 동대문구 장한로31길 20 (장안동)	-
withme	145	서울	장안엘리시아점	서울특별시 동대문구 장한로27길 11 (장안동)	-
withme	146	서울	이대목동병원점	서울특별시 양천구 안양천로 1071 이대목동병원	-
withme	147	서울	응암점	서울특별시 은평구 은평로 123 (응암동)	-
withme	148	서울	은평선일점	서울특별시 은평구 갈현로29길 30 (갈현동)	-
withme	149	서울	신당점	서울특별시 중구 난계로 163, 올리브오피스텔 101호 (황학동)	-
withme	150	서울	위드미메사점(총무)	서울특별시 중구 메사빌딩	-
withme	151	서울	월계본점	서울특별시 노원구 덕릉로60길 182 (월계동)	-
withme	152	서울	올림픽공원북문점	서울특별시 강동구 성내로 18 (성내동) 37, 102호 (태양빌딩)	-
withme	153	서울	온누리약국점	서울특별시 강서구 등촌로 147 (등촌동)	-
withme	154	서울	오류역점	서울특별시 구로구 경인로 216(오류동,오복빌딩1	-
withme	155	서울	영등포명화점	서울특별시 영등포구 버드나루로 25 (영등포동2가)	-
withme	156	서울	영등포로터리점	서울특별시 영등포구 경인로 896 (영등포동1가)	-
withme	157	서울	역촌타운점	서울특별시 은평구 연서로3길 8 (역촌동)	-
withme	158	서울	역삼스타공원점	서울특별시 강남구 논현로79길 25 지층-102	-
withme	159	서울	여의정우점	서울특별시 영등포구 은행로 29, 정우빌딩 (여의도동)	-
withme	160	서울	양재우성점	서울특별시 서초구 바우뫼로 101(양재동)	-
withme	161	서울	아일렉스점	서울특별시 영등포구 여의대방로 375(아일렉스타워103	-
withme	162	서울	아모스영등포점	서울특별시 영등포구 시흥대로 607, 103(대림동)	-
withme	163	서울	쌍문점	서울특별시 도봉구 우이천로34길 13 (쌍문동)	-
withme	164	서울	쌍림한국점	서울특별시 중구 마른내로 136-3 (쌍림동)	-
withme	165	서울	신정역점	서울특별시 양천구 오목로 182, 1층 (신정동)	-
withme	166	서울	신세계영등포점	서울특별시 영등포구 신세계백화점 7층	-
withme	167	서울	신세계본점	서울특별시 중구 소공로63 (16층)	-
withme	168	서울	신림포도몰점	서울특별시 관악구 신림로 330 (신림동)	-
withme	169	서울	신림동부점	서울특별시 관악구 미성3길 17 (신림동)	-
withme	170	서울	신당역점	서울특별시 중구 퇴계로75길 7(흥인동,동대문와이즈캐슬상가107,108호)	-
withme	171	서울	숭실대점	서울특별시 동작구 상도동 489-1	-
withme	172	서울	수유푸르지오점	서울특별시 강북구 160-3(수유역푸르지오시티1층)	-
withme	173	서울	송파한양점	서울특별시 송파구 가락로 176 (송파동) 경진빌딩 1층	-
withme	174	서울	송파정도점	서울특별시 송파구 도곡로 454	-
withme	175	서울	송파잠실점	서울특별시 송파구 백제고분로7길 3-10(잠실동,1층)	-
withme	176	서울	송파가락점	서울특별시 송파구 동남로3길 9 (가락동)	-
withme	177	서울	센트럴시티점	서울특별시 서초구 반포동 신반포로 176 (반포동 1층 110호)	-
withme	178	서울	세관사거리점	서울특별시 강남구 학동로 305 (논현동)	-
withme	179	서울	성수본사점	서울특별시 성동구 뚝섬로 379 (6층 상담실내)	-
withme	180	서울	성수IT점	서울특별시 성동구 성수동 1가 광나루로 130 (성수동1가, 103)	-
withme	181	서울	성북월곡점	서울특별시 성북구 오패산로 16, 1층 코너부분 (하월곡동)	-
withme	182	서울	성내동원점	서울특별시 강동구 성안로3길 120(성내동,1층1호,2호)	-
withme	183	서울	선릉청운점	서울특별시 강남구 선릉로578	-
withme	184	서울	선릉에클라트점	서울특별시 강남구 테헤란로63길 12 (삼성동)	-
withme	185	서울	석계역점	서울특별시 성북구 한천로78길 71 (석관동)	-
withme	186	서울	서초중외제약점	서울특별시 서초구 남부순환로 2477 (JW TOWER)	-
withme	187	서울	서초중앙점	서울특별시 서초구 서초중앙로 14 (더샵 서초 102동 101호)	-
withme	188	서울	양재점	서울특별시 서초구 언남길 79 (양재동)	-
withme	189	서울	서울대입구역점	서울특별시 관악구 남부순환로 1849	-
withme	190	서울	서울고속터미널점	서울특별시 서초구 신반포로 194 (반포동) 서울고속버스터미널	-
withme	191	서울	서울고속터미널3호점	서울특별시 서초구 신반포로 194(지하1층5	-
withme	192	서울	서울고속터미널2호점	서울특별시 서초구 신반포로 194 (반포동) 서울고속버스터미널 영동선 하차장부 BA-1,2	-
withme	193	서울	상월곡역점	서울특별시 성북구 화랑로 181 (상월곡동)	-
withme	194	서울	북가좌점	서울특별시 서대문구 응암로2길 16	-
withme	195	서울	보라매공원점	서울특별시 영등포구 여의대방로 89 (신길동)	-
withme	196	서울	번동드림타워점	서울특별시 강북구 도봉로96길 5-11 (번동)	-
withme	197	서울	방화역점	서울특별시 강서구 금낭화로 136 에어뷰21-2오피스텔 (방화동)	-
withme	198	서울	방학학마을점	서울특별시 도봉구 도당로 115(1층코너	-
withme	199	서울	방학플러스점	서울특별시 도봉구 도봉로 681 (방학동)	-
withme	200	서울	방배제일점	서울특별시 서초구 동광로3길 70(방배동,1층)	-
withme	201	서울	발산점	서울특별시 강서구 강서로54길 27 (등촌동)	-
withme	202	서울	반포예일점	서울특별시 서초구 서초중앙로33길 20 (반포동)	-
withme	203	서울	반포서래마을점	서울특별시 서초구 서래로5길 96(반포동,1층)	-
withme	204	서울	미아점	서울특별시 강북구 도봉로65길 30 (미아동)	-
withme	205	서울	미아역점	서울특별시 강북구 도봉로54길 6(미아동,1층	-
withme	206	서울	목동공원점	서울특별시 양천구 목동서로 133-2, 107(목동,목동하나프라자)	-
withme	207	서울	명동분스점	서울특별시 중구 명동7길 13 (명동1가)	-
withme	208	서울	메리어트점	서울특별시 서초구 사평대로 205 BP4-10호 (반포동)	-
withme	209	서울	망원제일점	서울특별시 마포구 동교로 63 (망원동)	-
withme	210	서울	마포아크로타워점	서울특별시 마포구 마포대로 89 (도화동)	-
withme	211	서울	마포신수점	서울특별시 마포구 신수로 88(신수동,1층우측)	-
withme	212	서울	마포동교점	서울특별시 마포구 신촌로4길 5-18 (동교동)	-
withme	213	서울	마포노고산점	서울특별시 마포구 서강로20길 14	-
withme	214	서울	마포구청점	서울특별시 마포구 월드컵로34길 13, 101(상암월드시티101-102호)	-
withme	215	서울	드마리스대치점	서울특별시 강남구 남부순환로 지하 3104(지하1층,	-
withme	216	서울	동대점	서울특별시 중구 동호로 280 (장충동2가)	-
withme	217	서울	동대사랑점	서울특별시 중구 퇴계로44길 8 (필동2가)	-
withme	218	서울	동대문신설점	서울특별시 동대문구 왕산로 27 (신설동)	-
withme	219	서울	동대문성곽공원점	서울특별시 종로구 종로6가 18-2	-
withme	220	서울	독산점	서울특별시 금천구 남부순환로128길 10 (독산동)	-
withme	221	서울	당산데시앙점	서울특별시 영등포구 당산로 203, 101(당산동5가)	-
withme	222	서울	답십리역점	서울특별시 동대문구 천호대로67길 43 (답십리동)	-
withme	223	서울	서호점	서울특별시 동대문구 장한로12길 81	-
withme	224	서울	다산로점	서울특별시 중구 다산로34길 23(신당동,1층)	-
withme	225	서울	논현점	서울특별시 강남구 논현동 언주로 728	-
withme	226	서울	논현역점	서울특별시 서초구 신반포로 333 (잠원동)	-
withme	227	서울	논현개나리점	서울특별시 강남구 학동로26길 25 (논현동)	-
withme	228	서울	노원두산점	서울특별시 노원구 동일로241가길 21 (상계동)	-
withme	229	서울	노원공릉점	서울특별시 노원구 공릉로27길 90 (공릉동)	-
withme	230	서울	길동으뜸점	서울특별시 강동구 명일로 262 (길동)	-
withme	231	서울	구산대박점	서울특별시 은평구 갈현로17나길 36	-
withme	232	서울	구로역점	서울특별시 구로구 새말로 18 (구로동)	-
withme	233	서울	구로대복점	서울특별시 구로구 구로동로28길 93 (구로동)	-
withme	234	서울	교대역점	서울특별시 서초구 서초중앙로 138	-
withme	235	서울	광화문시대점	서울특별시 종로구 사직로8길 42 광화문시대오피스텔 상가 102-2호 (내수동)	-
withme	236	서울	광진코지웰점	서울특별시 광진구 능동로19길 35 코지월 B102호	-
withme	237	서울	광운대역점	서울특별시 노원구 석계로 98-1 (월계동)	-
withme	238	서울	고척점	서울특별시 구로구 경인로 403 원메디타운에이동1층102호	-
withme	239	서울	경희원룸점	서울특별시 동대문구 이문로 50(휘경동) 101 그린타워101호	-
withme	240	서울	강서미즈메디점	서울특별시 강서구 강서로47나길 24, 103(내발산동)	-
withme	241	서울	강동중앙점	서울특별시 강동구 양재대로 1335 17호	-
withme	242	서울	강동본점	서울특별시 강동구 천호옛길 84 (성내동)	-
withme	243	서울	강남신사점	서울특별시 강남구 563-22 신희빌딩1층	-
withme	244	서울	강남분스점	서울특별시 강남구 강남대로 408 YBM강남센터	-
withme	245	경기	수원매탄우리점	경기도 수원시 영통구 신원로 217	-
withme	246	경기	평택시청점	경기도 평택시 평택5로20번길 39	-
withme	247	경기	파주출판도시점	경기도 파주시 신촌동 731-1	-
withme	248	경기	파주MH타워점	경기도 파주시 중앙로 328 106호	-
withme	249	경기	분당구미점	경기도 성남시 분당구 미금일로74번길 20	-
withme	250	경기	용인청덕점	경기도 용인시 기흥구 구성로279번길 17	-
withme	251	경기	의정부민락점	경기도 의정부시 승지로19번길 21	-
withme	252	경기	평택통복점	경기도 평택시 통복시장2로29번길 5	-
withme	253	경기	수원경기대역점	경기도 수원시 영통구 대학로 56 리치프라자1 1F 101호	-
withme	254	경기	평택용이원룸점	경기도 평택시 현신7길 12 101호	-
withme	255	경기	대화역점	경기도 고양시 일산서구 중앙로 1575 104호	-
withme	256	경기	부천송내남부역점	경기도 부천시 소사구 송내대로 36	-
withme	257	경기	양주신도점	경기도 양주시 부흥로 1899 신도8차푸른숲아파트 상가동 1층 102호	-
withme	258	경기	삼송파스텔시티점	경기도 고양시 덕양구 권율대로 893	-
withme	259	경기	안산디지털점	경기도 안산시 단원구 능안로 81 1008호 (안산디지털파크)	-
withme	260	경기	안양만안점	경기도 안양시 만안구 안양로360번길 32 1F 5호	-
withme	261	경기	황골주공점	경기도 수원시 영통구 영통로 498	-
withme	262	경기	포천일동점	경기도 포천시 일동면 소야길 16	-
withme	263	경기	부천무지개점	경기도 부천시 오정구 삼작로 189	-
withme	264	경기	용인백암점	경기도 용인시 처인구 백암면 죽양대로 809	-
withme	265	경기	풍동숲속1단지점	경기도 고양시 일산동구 숲속마을1로 29-15	-
withme	266	경기	판교역점	경기도 성남시 분당구 판교역로 184	-
withme	267	경기	시흥오이도점	경기도 시흥시 오이도5길 11 1F	-
withme	268	경기	운정한울점	경기도 파주시 동패로 98	-
withme	269	경기	양주봉양점	경기도 양주시 화합로1325번길 173	-
withme	270	경기	장기선흥프라자점	경기도 김포시 김포한강1로78번길 6-6	-
withme	271	경기	행신소만점	경기도 고양시 덕양구 소만로 12	-
withme	272	경기	의정부쁘띠린점	경기도 의정부시 평화로552번길 9-9	-
withme	273	경기	운정가람마을점	경기도 파주시 책향기로 757	-
withme	274	경기	판교SG점	경기도 성남시 분당구 대왕판교로606번길 47	-
withme	275	경기	구리이편한점	경기도 구리시 장자호수길 125	-
withme	276	경기	안산이호점	경기도 안산시 상록구 샘골로2길 11	-
withme	277	경기	안양공단점	경기도 안양시 만안구 전파로 43	-
withme	278	경기	부천그린점	경기도 부천시 오정구 소사로 709	-
withme	279	경기	안성보개점	경기도 안성시 보개면 보개원삼로 1052	-
withme	280	경기	평택지산중앙점	경기도 평택시 송탄로 373	-
withme	281	경기	고양샘터점	경기도 고양시 덕양구 충장로152번길 47	-
withme	282	경기	성남산성점	경기도 성남시 수정구 산성대로 599	-
withme	283	경기	이천대흥점	경기도 이천시 대월면 대산로247번길 2	-
withme	284	경기	부천백송점	경기도 부천시 원미구 상동로 13	-
withme	285	경기	안사각골로점	경기도 안산시 상록구 각골로7길 27	-
withme	286	경기	이마트타운 2호점	경기도 고양시 일산서구 킨텍스로 171	-
withme	287	경기	수원곡반정점	경기도 수원시 권선구 동수원로146번길 218-22	-
withme	288	경기	부천도당점	경기도 부천시 원미구 수도로206번길 55	-
withme	289	경기	일산복음병원점	경기도 고양시 일산동구 고양대로 760	-
withme	290	경기	파주상지석점	경기도 파주시 운정로 68	-
withme	291	경기	부천고강중앙점	경기도 부천시 오정구 성지로 114	-
withme	292	경기	용인IC점	경기도 용인시 처인구 백옥대로 1392	-
withme	293	경기	양평그린점	경기도 양평군 양평읍 중앙로 18	-
withme	294	경기	일산식사점	경기도 고양시 일산동구 견달산로 249	-
withme	295	경기	덕양행신점	경기도 고양시 덕양구 무원로 6 (무원빌딩)	-
withme	296	경기	서천캐슬점	경기도 용인시 기흥구 서천동로21번길 8-12	-
withme	297	경기	동탄골드점	경기도 화성시 동탄하나1길 66-11 동탄이너매스 1층 3호	-
withme	298	경기	의정부흥선로점	경기도 의정부시 흥선로 142	-
withme	299	경기	시흥정왕군서점	경기도 시흥시 봉우재로41번길 19	-
withme	300	경기	HN호평점	경기도 남양주시 호평로35번길 24	-
withme	301	경기	상현주공점	경기도 용인시 수지구 광교마을로 91	-
withme	302	경기	이마트타운1호점	경기도 고양시 일산서구 킨텍스로 171 지하 1층	-
withme	303	경기	일산탄현점	경기도 고양시 일산서구 탄현로 133	-
withme	304	경기	금정역점	경기도 군포시 산본천로199번길 12	-
withme	305	경기	수원세류점	경기도 수원시 권선구 권선로474번길 3	-
withme	306	경기	일산장항점	경기도 고양시 일산동구 장항로 207	-
withme	307	경기	용인동백중앙점	경기도 용인시 기흥구 동백중앙로 267	-
withme	308	경기	용인동백점	경기도 용인시 기흥구 동백중앙로16번길 16-9 105호	-
withme	309	경기	부천상동중앙점	경기도 부천시 원미구 소향로 35	-
withme	310	경기	수원사랑점	경기도 수원시 팔달구 향교로3번길 23-4 1F	-
withme	311	경기	의정부호원점	경기도 의정부시 평화로230번길 12-5	-
withme	312	경기	시흥정왕특급점	경기도 시흥시 정왕동 산 96 101호, 102호	-
withme	313	경기	파주신촌점	경기도 파주시 교하로 1015	-
withme	314	경기	남양주덕소점	경기도 남양주시 와부읍 수레로 88	-
withme	315	경기	부천중동행복점	경기도 부천시 원미구 중동로254번길 87 1F 7호	-
withme	316	경기	평택대박점	경기도 평택시 청북면 신포길 64	-
withme	317	경기	양주푸른솔점	경기도 양주시 부흥로 2019 1F 101호	-
withme	318	경기	대곶초원점	경기도 김포시 대곶면 대곶북로 84 나동 1,2호	-
withme	319	경기	시흥온누리점	경기도 시흥시 복지로 79 1F 104호	-
withme	320	경기	수원환승센터점	경기도 수원시 권선구 세화로 120 101호	-
withme	321	경기	퇴계원역점	경기도 남양주시 퇴계원면 퇴계원리 183-2	-
withme	322	경기	동탄코오롱점	경기도 화성시 동탄면 방교리 779-1 1F 104호	-
withme	323	경기	판교벤처점	경기도 성남시 분당구 판교로228번길 15 지하1F	-
withme	324	경기	안산휴먼빌점	경기도 안산시 단원구 신각길 22 상가동 101호	-
withme	325	경기	시흥장곡점	경기도 시흥시 장곡로49번길 14	-
withme	326	경기	식사스타타워점	경기도 고양시 일산동구 위시티2로11번길 31	-
withme	327	경기	여주사이먼분스점	경기도 여주시 명품로 360 여주프리미엄아울렛 647호	-
withme	328	경기	덕평IC점	경기도 이천시 마장면 덕평리 493-2	-
withme	329	경기	광명무지개점	경기도 광명시 새터로 20-1	-
withme	330	경기	양평양근점	경기도 양평군 양평읍 양평대교길 3	-
withme	331	경기	양지점	경기도 성남시 수정구 양지동 855	-
withme	332	경기	수정점	경기도 성남시 수정구 태평동 6827	-
withme	333	경기	의정녹양점	경기도 의정부시 비우로 81	-
withme	334	경기	안산고잔역점	경기도 안산시 단원구 광덕4로 108 고잔프라자	-
withme	335	경기	부천소사본점	경기도 부천시 소사구 소사본동 132-4 1층	-
withme	336	경기	의정부로데오점	경기도 의정부시 행복로 30	-
withme	337	경기	안산삼원점	경기도 안산시 단원구 목내로 45	-
withme	338	경기	군산경기장점	전북 군산시 경기장로 18	-
withme	339	경기	파주야당점	경기도 파주시 하우고개길 65	-
withme	340	경기	강남대점	경기도 용인시 기흥구 강남동로 6	-
withme	341	경기	덕양지도공원점	경기도 고양시 덕양구 중앙로633번길 6	-
withme	342	경기	단대공원점	경기도 성남시 수정구 수정남로306번길 26	-
withme	343	경기	부천상동점	경기도 부천시 원미구 길주로77번길 55-9 태평양프라자1층	-
withme	344	경기	화성일진산단점	경기도 화성시 정남면 만년로 849	-
withme	345	경기	평택비전유안점	경기도 평택시 비전6길 9	-
withme	346	경기	용인왕산점	경기도 용인시 처인구 모현면 모산로 3 (삼우빌딩)	-
withme	347	경기	평택세교점	경기도 평택시 세교2로 45 107호	-
withme	348	경기	김포올림픽점	경기도 김포시 고촌읍 벌말로 768-70	-
withme	349	경기	안산이동점	경기도 안산시 상록구 조구나리1길 1	-
withme	350	경기	시흥신천역점	경기도 시흥시 신천로100번길 8	-
withme	351	경기	포천신북점	경기도 포천시 신북면 포천로 1996-1	-
withme	352	경기	이천중앙점	경기도 이천시 영창로 200	-
withme	353	경기	별내로데오점	경기도 남양주시 별내중앙로 30	-
withme	354	경기	서수원터미널점	경기도 수원시 권선구 수인로 291	-
withme	355	경기	신동공원점	경기도 수원시 영통구 권선로882번길 65-1	-
withme	356	경기	시흥역전로점	경기도 시흥시 역전로302번길 3	-
withme	357	경기	삼송역점	경기도 고양시 덕양구 삼송로 190-5	-
withme	358	경기	마석중앙점	경기도 남양주시 화도읍 비룡로33번안길 1	-
withme	359	경기	평택퀸즈타워점	경기도 평택시 비전9길 12-12 (비전 1동)	-
withme	360	경기	광교수자인점	경기도 수원시 영통구 광교호수로152번길 23	-
withme	361	경기	NH복정점	경기도 성남시 수정구 복정로158번길 5 (복정동)	-
withme	362	경기	부천원종점	경기도 부천시 오정구 원종로 50 ,106호 (원종1동)	-
withme	363	경기	부천원미중동점	경기도 부천시 원미구 소향로 246 , 106호 (중동) 새롬프라자6층	-
withme	364	경기	안산와동점	경기도 안산시 단원구 선부로 223 101호(와동)	-
withme	365	경기	평택고덕산단점	경기도 평택시 지제로 180-15	-
withme	366	경기	성남수진점	경기도 성남시 수정구 제일로 110 1층	-
withme	367	경기	포천이동점	경기도 포천시 이동면 늠바위길 4	-
withme	368	경기	고양중부대점	경기도 고양시 덕양구 동헌로 305  3층(고양동)	-
withme	369	경기	용인마북점	경기도 용인시 기흥구 마북로154번길 12	-
withme	370	경기	평택성두점	경기도 평택시 팽성읍 평궁리 305-1 성두아파트상가1-1	-
withme	371	경기	김포장기점	경기도 김포시 김포한강2로 187 (고창마을 제일풍경채상가)	-
withme	372	경기	김포아라점	경기도 김포시 고촌읍 아라육로57번길 91 104호	-
withme	373	경기	광교푸르지오점	경기도 용인시 수지구 광교중앙로295번길 13 B-104(광교2차)	-
withme	374	경기	여주중앙점	경기도 여주시 세종로14번길 3 (홍문동 25-2)	-
withme	375	경기	수원효원점	경기도 수원시 권선구 권선동 940-2	-
withme	376	경기	의정행복점	경기도 의정부시 평화로 598 (의정부동 227-48,세화빌딩)	-
withme	377	경기	양지점	경기도 성남시 수정구 양지동 855	-
withme	378	경기	수지상현점	경기도 용인시 수지구 만현로 110 A-104 (원희캐슬프라자)	-
withme	379	경기	희망점	경기도 용인시 풍덕천동 1080-11	-
withme	380	경기	휴리조트점	경기도 양주시 83-16	-
withme	381	경기	화성사강점	경기도 화성시 사강리 552-1 1층	-
withme	382	경기	화성반월점	경기도 화성시 반월남길 4 (반월동)	-
withme	383	경기	화성로드점	경기도 화성시 봉담읍 최루백로 303	-
withme	384	경기	화성동오점	경기도 화성시 서봉로 590	-
withme	385	경기	화서주공점	경기도 수원시 팔달구 수성로182번길 82 나상가-102(화서동,화서4단지주공아파트)	-
withme	386	경기	호매실점	경기도 수원시 권선구 호매실동 호매실보금자리주택지구110-3금호프라자106호	-
withme	387	경기	향남행정점	경기도 화성시 행정중앙2로 39, 105(태성메디컬프라자)	-
withme	388	경기	향남점	경기도 화성시 향남읍 구문천리 927-3	-
withme	389	경기	한양병원점	경기도 남양주시 오남읍 양지로 47-55	-
withme	390	경기	하남신장점	경기도 하남시 하남대로 819 (신장동)	-
withme	391	경기	하남본점	경기도 하남시 하남대로 1043-27,B1-107	-
withme	392	경기	하갈점	경기도 용인시 기흥구 덕영대로 1920 (하갈동)	-
withme	393	경기	포천백두점	경기도 포천시 838-24	-
withme	394	경기	포천군내점	경기도 포천시 군내면 포천로 1410	-
withme	395	경기	평택포승점	경기도 평택시 도곡리 여술4길 2	-
withme	396	경기	평택청북점	경기도 평택시 청북면 옥길리 1162-5	-
withme	397	경기	평택지제점	경기도 평택시 남북대로 262 (지제동)	-
withme	398	경기	평택이충점	경기도 평택시 이충로35번길 19 정암마을뜨란채	-
withme	399	경기	평택이마트점	경기도 평택시 영신로 29 이마트	-
withme	400	경기	평택서정점	경기도 평택시 서정남로 131	-
withme	401	경기	평택서재점	경기도 평택시 평남로 1046-9 (동삭동)	-
withme	402	경기	파주한라비발디점	경기도 파주시 교하로 7(산내마을6단지상가103호)	-
withme	403	경기	파주운정점	경기도 파주시 4-49교하2차월드메르디	-
withme	404	경기	파주사이먼점	경기도 파주시 탄현면 필승로 200  파주프리미엄아울렛	-
withme	405	경기	트라이엄프점	경기도 화성시 병점동로164번길 11-1, 101	-
withme	406	경기	중원사거리점	경기도 성남시 중원구 금상로 122 (상대원동)	-
withme	407	경기	중동리슈빌점	경기도 부천시 원미구 길주로 246 (계룡리슈빌NCLASS, 108A)	-
withme	408	경기	정자헤리츠점	경기도 성남시 분당구 정자일로 132 (정자동 166-3)	-
withme	409	경기	정왕월드점	경기도 시흥시 정왕신길로111번길 7 115-108(정왕동,월드아파트분산상가)	-
withme	410	경기	의정부점	경기도 의정부시 의정부동 32-3 외1층	-
withme	411	경기	의정부미리온점	경기도 의정부시 호국로 1340 상가-101	-
withme	412	경기	의정부동점	경기도 의정부시 평화로 437 (의정부동)	-
withme	413	경기	의정가능점	경기도 의정부시 신흥로 369(가능동,1층)	-
withme	414	경기	의왕점	경기도 의왕시 금천말안길 19-2	-
withme	415	경기	을지대범석관점	경기도 성남시 수정구 산성대로 553 을지대 성남캠퍼스 범석관 1층	-
withme	416	경기	을지대밀레니엄점	경기도 성남시 수정구 산성대로 553 을지대 성남캠퍼스 뉴밀레니엄관1층	-
withme	417	경기	용인황금점	경기도 용인시 처인구 경기동로 286 (1층)	-
withme	418	경기	용인유운점	경기도 용인시 처인구 포곡읍 곡현로 185	-
withme	419	경기	용인언남점	경기도 용인시 기흥구 언남로 21 (언남동)	-
withme	420	경기	용인보정점	경기도 용인시 기흥구 신촌로 63(보정동,101호)	-
withme	421	경기	용인모현점	경기도 용인시 처인구 오포로 76(103,104호)	-
withme	422	경기	용인강남마을점	경기도 용인시 기흥구 강남서로58번길 1	-
withme	423	경기	오정산단점	경기도 부천시 오정구 오정동 394-22 1층	-
withme	424	경기	오산청호점	경기도 오산시 동부대로 355 (고현동) 1층 103호	-
withme	425	경기	오산센트하임점	경기도 오산시 궐리사로 8 센트하임	-
withme	426	경기	오남아이파크점	경기도 남양주시 오남읍 진건오남로 781-56	-
withme	427	경기	여주태평점	경기도 여주시 가남읍 태평리 141-36	-
withme	428	경기	여주사이먼점	경기도 여주시 명품로 360  여주 프리미엄 아울렛	-
withme	429	경기	여주물류센터점	경기도 여주시 웅골로 161 (가업동)	-
withme	430	경기	어연산단점	경기도 평택시 청북산단로 56(1층102호)	-
withme	431	경기	양평오빈점	경기도 양평군 경강로 1638	-
withme	432	경기	양평양일점	경기도 양평군 관문길22번길 12	-
withme	433	경기	양주수자인점	경기도 양주시 고읍남로39번길 84 (광사동) 한양아파트 상가 105,106	-
withme	434	경기	양주삼숭점	경기도 양주시 632-3 T.S3차아파트단지내상가103	-
withme	435	경기	안화점	경기도 화성시 병점3로 133,B-101	-
withme	436	경기	안양예찬점	경기도 안양시 만안구 안양로329번길 14(안양동,	-
withme	437	경기	안성원곡점	경기도 안성시 만세로 1415-24(세윤상가2동)	-
withme	438	경기	안성마정점	경기도 안성시 방축길 7, 102	-
withme	439	경기	안성대천점	경기도 안성시 중앙4길 6(대천동)	-
withme	440	경기	안성공도점	경기도 안성시 만정리 797-1	-
withme	441	경기	안산한양대점	경기도 안산시 상록구 성안길 84-2(103호,104호)	-
withme	442	경기	안산초지점	경기도 안산시 단원구 신촌4길 41 (초지동)	-
withme	443	경기	안산신길로점	경기도 안산시 신길동 158-1	-
withme	444	경기	안산성호로점	경기도 안산시 상록구 식물원로3길 7 (일동)	-
withme	445	경기	안산본점	경기도 안산시 단원구 도일로 24 (신길동)	-
withme	446	경기	안산본오점	경기도 안산시 상록구 상록수로 16 (본오동)	-
withme	447	경기	신세계의정부점	경기도 의정부시 평화로525	-
withme	448	경기	시흥정왕점	경기도 시흥시 옥구천동로 401 (정왕동)	-
withme	449	경기	시흥정왕시장점	경기도 시흥시 정왕천로411번길 4 (정왕동,103,104호)	-
withme	450	경기	시화물류센터점	경기도 시흥시 협력로 280 (정왕동)	-
withme	451	경기	수지희망점	경기도 용인시 수지구 1080-11	-
withme	452	경기	수지성복점	경기도 용인시 수지구 성복1로 222 (성복동)	-
withme	453	경기	수원청광점	경기도 수원시 권선구 경수대로 408 (권선동) 106호	-
withme	454	경기	수원장안점	경기도 수원시 장안구 이목로 24, (제3상가동114호)	-
withme	455	경기	수원인계점	경기도 수원시 팔달구 인계로108번길 49 (인계동)	-
withme	456	경기	수원역점	경기도 수원시 팔달구 향교로 1 (매산로1가)	-
withme	457	경기	수원역2점	경기도 수원시 팔달구 향교로 42(매산로2가,1층우측아시아또)	-
withme	458	경기	수원시청역점	경기도 수원시 권선구 효원로256번길 33, 104(권선동,한라비발디파크)	-
withme	459	경기	수원매탄점	경기도 수원시 영통구 883 삼호그랜드빌라101동	-
withme	460	경기	수원매산로점	경기도 수원시 팔달구 매산로3가 127-6	-
withme	461	경기	수원마이홈점	경기도 수원시 팔달구 효원로292번길 50 (인계동)	-
withme	462	경기	수원광교점	경기도 수원시 영통구 에듀타운로 106번길 (매탄3동)	-
withme	463	경기	소사본점	경기도 부천시 소사구 호현로 479 (소사본동)	-
withme	464	경기	성복점	경기도 용인시 수지구 성복2로 250	-
withme	465	경기	성남코티티점	경기도 성남시 중원구 사기막골로 111(지하101	-
withme	466	경기	성남본점	경기도 성남시 중원구 희망로 311(금풍빌딩1층)	-
withme	467	경기	성남공단점	경기도 성남시 중원구 둔촌대로 464 (상대원동)	-
withme	468	경기	서판교대로점	경기도 성남시 분당구 운중로 128, 102(마크시티그)	-
withme	469	경기	서이천IC점	경기도 이천시 서이천로 876	-
withme	470	경기	서수원주유소점	경기도 수원시 권선구 서부로 1963 (구운동)	-
withme	471	경기	삼송호반점	경기도 고양시 덕양구 권율대로 831 호반 베르디움9단지 (삼송동)	-
withme	472	경기	삼성반도체후문점	경기도 용인시 기흥구 농서로 236 (농서동)	-
withme	473	경기	부천중동점	경기도 부천시 원미구 옥산로 47(연화마을상가103호,104호)	-
withme	474	경기	부천원미점	경기도 부천시 원미구 조마루로412번길 54(원미동,1층)	-
withme	475	경기	부천오정점	경기도 부천시 오정구 상오정로 17(오정동,한진타운104~106호)	-
withme	476	경기	부천역점	경기도 부천시 원미구 부일로 457, 101(심곡동)	-
withme	477	경기	별내중앙점	경기도 남양주시 두물로39번길 43(102호)	-
withme	478	경기	벽산점	경기도 성남시 중원구 둔촌대로 560 (상대원동) 벽산테크노피아 1층	-
withme	479	경기	법원점	경기도 평택시 비전2로 15 (동삭동)	-
withme	480	경기	매탄역점	경기도 수원시 권선구 권선동 1308 매탄역2번매장	-
withme	481	경기	동현주유소점	경기도 화성시 향남읍 3.1만세로 1015	-
withme	482	경기	동탄중심상가점	경기도 화성시 반송동 91-6 그린프라자 104	-
withme	483	경기	동탄점	경기도 화성시 동탄반석로 120 (반송동) 제일프라자 101, 102호	-
withme	484	경기	동탄석우점	경기도 화성시 석우동 31-6번지 103호	-
withme	485	경기	동두천점	경기도 동두천시 중앙로 296(생연동)	-
withme	486	경기	덕풍점	경기도 하남시 대성로 261 (덕풍동)	-
withme	487	경기	대부황금로점	경기도 안산시 단원구 대부북동 14	-
withme	488	경기	대부도점	경기도 안산시 단원구 대부황금로 1509-1	-
withme	489	경기	당정역점	경기도 군포시 당정역로 92, 101(슬기프라자)	-
withme	490	경기	단국대점	경기도 용인시 수지구 죽전로 152-1 (죽전동)	-
withme	491	경기	농협대학점	경기도 고양시 덕양구 서삼릉1길 74 (원흥동)	-
withme	492	경기	내리점	경기도 안성시 내리6길 24	-
withme	493	경기	남양주점	경기도 남양주시 경춘로 988 (금곡동)	-
withme	494	경기	남양도심역점	경기도 남양주시 덕소로223번길 11	-
withme	495	경기	김포한강신도시점	경기도 김포시 양촌읍 양곡리 1341-3	-
withme	496	경기	기흥역점	경기도 용인시 기흥구 기흥로 4 (구갈동,1층)	-
withme	497	경기	기흥구청점	경기도 용인시 기흥구 구갈로60번길 19 (구갈동)	-
withme	498	경기	금광베네스타점	경기도 용인시 처인구 천리 1134(A상가	-
withme	499	경기	군포당동점	경기도 군포시 당산로 74 (당동,1층일부)	-
withme	500	경기	구리상록점	경기도 구리시 장자대로111번길 66(상록아파트상가동105호)	-
withme	501	경기	구리동원점	경기도 구리시 동구릉로85번길 12	-
withme	502	경기	구리교문점	경기도 구리시 딸기원로 3 (교문동)	-
withme	503	경기	광주경안점	경기도 광주시 포돌이로 15(탄벌동,외1)	-
withme	504	경기	광명산타마리아점	경기도 광명시 일직로 79, 102(일직동,1층102-103호)	-
withme	505	경기	광명사거리역점	경기도 광명시 오리로975번길 6-1 (광명동)	-
withme	506	경기	광교점	경기도 수원시 영통구 대학1로64번길 53, 103(이의동)	-
withme	507	경기	공도터미널점	경기도 안성시 승두리 70-2	-
withme	508	경기	고잔푸르지오점	경기도 안산시 단원구 광덕4로 116, 120(고잔동,대덕프라자)	-
withme	509	경기	고양삼송점	경기도 고양시 덕양구 삼송동 348-2 106호	-
withme	510	경기	가능사랑점	경기도 의정부시 신촌로 78 (가능동)	-
withme	511	경기	PDCC점	경기도 성남시 분당구 판교로 242(C동B115	-
withme	512	인천	인천예술회관점	인천광역시 남동구 인주대로 590	-
withme	513	인천	서구신안점	인천광역시 서구 원당대로840번길 22 1F 101호	-
withme	514	인천	부평부개타운점	인천광역시 부평구 수변로9번길 61	-
withme	515	인천	인천검암타운점	인천광역시 서구 승학로450번길 20-2 제씨동 1층 101호	-
withme	516	인천	남인천세무서점	인천광역시 남동구 구월동 1492-5	-
withme	517	인천	서구심곡점	인천광역시 서구 심곡로 44-1	-
withme	518	인천	인천원창공단점	인천광역시 서구 원창동 55-11	-
withme	519	인천	학익대로점	인천광역시 남구 소성로 244 3호	-
withme	520	인천	부평시장로터리점	인천광역시 부평구 부평문화로 106	-
withme	521	인천	인천서달점	인천광역시 서구 서달로 147	-
withme	522	인천	용현사거리점	인천광역시 남구 인주대로 129	-
withme	523	인천	제물포역점	인천광역시 남구 석정로162번길 55-1	-
withme	524	인천	부평한사랑점	인천광역시 부평구 부일로 30	-
withme	525	인천	인천석남점	인천광역시 서구 건지로 273	-
withme	526	인천	부평동수타운점	인천광역시 부평구 경인로 899 1필지 B01호	-
withme	527	인천	구월한성점	인천광역시 남동구 호구포로764번길 49-2	-
withme	528	인천	인천용현5동점	인천광역시 남구 토금북로11번길 3	-
withme	529	인천	인천연수점	인천광역시 연수구 새말로 20	-
withme	530	인천	부평한국점	인천광역시 부평구 부평대로278번길 42	-
withme	531	인천	인천크리스탈점	인천광역시 서구 크리스탈로102번길 25 (청라푸르지오아파트)	-
withme	532	인천	인천가정로점	인천광역시 서구 가정로 338	-
withme	533	인천	논현한라점	인천광역시 남동구 포구로 64-8	-
withme	534	인천	송도스마트밸리점	인천광역시 연수구 송도미래로 30	-
withme	535	인천	인천제물포점	인천광역시 남구 경인로 148-2	-
withme	536	인천	작전까치공원점	인천광역시 계양구 계양문화로 27	-
withme	537	인천	구월타운점	인천광역시 남동구 예술로226번길 28 1F 10호	-
withme	538	인천	인천연희점	인천광역시 서구 청라에메랄드로 113 상가동 102호	-
withme	539	인천	부평청천점	인천광역시 부평구 마장로 384	-
withme	540	인천	청라캐슬점	인천광역시 서구 청라커낼로 252 D동 112호	-
withme	541	인천	송도센트럴파크점	인천광역시 연수구 아트센터대로 203 B동 123호	-
withme	542	인천	간석점	인천광역시 남동구 동암남로34번길 50	-
withme	543	인천	부평은서점	인천광역시 부평구 부흥북로84번길 25	-
withme	544	인천	부평타운점	인천광역시 부평구 장제로109번길 15	-
withme	545	인천	인천화수점	인천광역시 동구 화수로 43	-
withme	546	인천	인천송월점	인천광역시 중구 참외전로59번길 38	-
withme	547	인천	송도지식정보단지점	인천광역시 연수구 인천타워대로54번길 3	-
withme	548	인천	동인천점	인천광역시 중구 전동 16-12	-
withme	549	인천	인천작은구월점	인천광역시 남동구 인주대로748번길 13	-
withme	550	인천	인천논현역점	인천광역시 남동구 청능대로 563 (논현동 631-7,동아베스트프라자 1층 112호)	-
withme	551	인천	계산역점	인천광역시 계양구 계산2동 929-4호 (1층)	-
withme	552	인천	인천청라점	인천광역시 서구 청라라임로 85, 115	-
withme	553	인천	인천주안점	인천광역시 남구 인하로299번길 15	-
withme	554	인천	인천주안북점	인천광역시 남구 석정로 360 상가-103(주안동,주안태화아파트)	-
withme	555	인천	인천엠파크점	인천광역시 서구 염곡로149(1층B105호)	-
withme	556	인천	인천만수점	인천광역시 남동구 만수로 47, 103(만수동,39)	-
withme	557	인천	인천논현점	인천광역시 남동구 논고개로123번길 24	-
withme	558	인천	인천검암점	인천광역시 서구 승학로 452, 115	-
withme	559	인천	인천간석점	인천광역시 남동구 구월로 64 (1층	-
withme	560	인천	신세계인천점	인천광역시 남구 연남로 35(4층)	-
withme	561	인천	부평산곡점	인천광역시 부평구 부영로189번길 51 (산곡동)	-
withme	562	인천	동암비버리시티점	인천광역시 부평구 열우물로25번길 14-3(동암비버리시티106)	-
withme	563	인천	농협로타리점	인천광역시 부평구 장제로 60 (부평동)	-
withme	564	인천	논현아크리아점	인천광역시 남동구 소래역로46번길 20(논현동,아크리아상가103호)	-
withme	565	인천	고잔공단점	인천광역시 남동구 앵고개로 676 (고잔동)	-
withme	566	인천	간석2호점	인천광역시 남동구 간석동 동암남로34번길 50	-
